Date des Kudos,Type de Kudos,ID parent
10 oct. 2017 à 17:23:29,Activité,1223534134
29 oct. 2017 à 17:33:30,Activité,1251393260
1 nov. 2017 à 20:19:45,Activité,1256260304
15 janv. 2018 à 21:16:25,Activité,1356665320
27 janv. 2018 à 11:28:58,Activité,1376755392
26 févr. 2018 à 21:01:57,Activité,1418925574
3 juin 2018 à 19:56:43,Activité,1614495217
12 juin 2018 à 17:29:52,Activité,1630028648
24 juin 2018 à 17:45:09,Activité,1658267476
26 juil. 2018 à 08:32:47,Activité,1727877731
6 août 2018 à 08:00:33,Activité,1752192133
6 août 2018 à 08:00:49,Activité,1752192255
6 août 2018 à 08:00:57,Activité,1752192051
6 août 2018 à 08:01:05,Activité,1745779333
21 août 2018 à 05:06:51,Activité,1786018454
29 août 2018 à 05:12:29,Activité,1799659804
30 août 2018 à 05:23:23,Activité,1804845795
30 août 2018 à 18:51:57,Activité,1796702451
4 sept. 2018 à 20:14:17,Activité,1814047605
9 sept. 2018 à 18:03:01,Activité,1829636729
9 sept. 2018 à 18:03:17,Activité,1829488457
9 sept. 2018 à 18:03:29,Activité,1829207377
13 sept. 2018 à 19:16:11,Activité,1833873891
16 sept. 2018 à 19:08:03,Activité,1845255958
17 sept. 2018 à 14:48:23,Activité,1844870171
18 sept. 2018 à 15:15:45,Activité,1846099379
23 sept. 2018 à 15:29:55,Activité,1860435491
5 oct. 2018 à 20:57:14,Activité,1882206948
10 oct. 2018 à 05:45:54,Activité,1893742358
10 oct. 2018 à 05:46:07,Activité,1888994120
13 oct. 2018 à 07:10:13,Activité,1899844614
14 oct. 2018 à 18:10:18,Activité,1904168654
15 oct. 2018 à 22:00:13,Activité,1907091434
27 oct. 2018 à 16:54:35,Activité,1929559461
4 nov. 2018 à 22:32:16,Activité,1945481577
18 nov. 2018 à 17:55:33,Activité,1971496428
25 nov. 2018 à 08:34:23,Activité,1982117316
3 déc. 2018 à 21:52:30,Activité,1995359115
8 déc. 2018 à 13:21:57,Activité,2006347235
8 janv. 2019 à 20:52:39,Activité,2064682114
8 janv. 2019 à 21:16:43,Activité,2065096758
14 janv. 2019 à 06:19:10,Activité,2076618320
19 janv. 2019 à 08:13:18,Activité,2084618185
19 janv. 2019 à 08:13:26,Activité,2085252556
24 janv. 2019 à 09:59:06,Activité,2091702311
25 janv. 2019 à 21:25:16,Activité,2100634048
27 janv. 2019 à 17:51:24,Activité,2104810540
9 févr. 2019 à 17:15:45,Activité,2130756445
9 févr. 2019 à 17:34:05,Activité,2130020230
11 févr. 2019 à 19:22:12,Activité,2136136592
14 févr. 2019 à 16:05:21,Activité,2143746090
14 févr. 2019 à 16:05:26,Activité,2139858196
14 févr. 2019 à 16:05:40,Activité,2139584866
16 févr. 2019 à 13:26:11,Activité,2150156254
17 févr. 2019 à 17:40:30,Activité,2154736599
19 févr. 2019 à 05:37:03,Activité,2158928975
3 mars 2019 à 12:48:29,Activité,2188269385
10 mars 2019 à 21:22:43,Activité,2196868175
10 mars 2019 à 21:22:57,Activité,2203464391
15 mars 2019 à 06:15:20,Activité,2212686985
15 mars 2019 à 06:15:23,Activité,2212328057
15 mars 2019 à 09:47:59,Activité,2212325554
17 mars 2019 à 13:51:40,Activité,2219327478
23 mars 2019 à 16:06:32,Activité,2234274407
24 mars 2019 à 20:12:03,Activité,2238107345
26 mars 2019 à 06:05:09,Activité,2240577814
27 mars 2019 à 05:05:55,Activité,2242615563
31 mars 2019 à 06:34:53,Activité,2252945303
31 mars 2019 à 18:29:52,Activité,2254350774
8 avr. 2019 à 09:03:54,Activité,2271013850
11 avr. 2019 à 13:34:09,Activité,2277488233
11 avr. 2019 à 13:34:15,Activité,2277486995
15 avr. 2019 à 13:57:29,Activité,2291350245
15 avr. 2019 à 13:57:58,Activité,2289195680
19 avr. 2019 à 16:44:27,Activité,2302288243
22 avr. 2019 à 21:07:11,Activité,2310602959
22 avr. 2019 à 21:07:13,Activité,2307614231
24 avr. 2019 à 08:46:36,Activité,2313193898
5 mai 2019 à 17:24:40,Activité,2343710364
8 mai 2019 à 10:04:54,Activité,2349475612
9 mai 2019 à 15:42:23,Activité,2353658845
9 mai 2019 à 15:42:29,Activité,2347306627
9 mai 2019 à 15:42:31,Activité,2347306577
11 mai 2019 à 06:24:20,Activité,2356958361
12 mai 2019 à 15:57:48,Activité,2361918234
14 mai 2019 à 17:21:55,Activité,2366804330
18 mai 2019 à 14:45:29,Activité,2375429924
18 mai 2019 à 14:45:31,Activité,2375429891
20 mai 2019 à 17:26:47,Activité,2382359850
15 juin 2019 à 06:09:49,Activité,2448868186
15 juin 2019 à 06:09:51,Activité,2445244264
15 juin 2019 à 06:10:04,Activité,2438719346
15 juin 2019 à 06:10:09,Activité,2432416054
15 juin 2019 à 06:10:11,Activité,2432416526
15 juin 2019 à 06:10:13,Activité,2432416055
15 juin 2019 à 06:10:50,Activité,2431523331
2 août 2019 à 16:32:52,Activité,2584455939
2 août 2019 à 16:33:00,Activité,2584455847
4 août 2019 à 07:41:00,Activité,2569189682
14 août 2019 à 06:51:42,Activité,2612385773
22 août 2019 à 05:24:47,Activité,2637551507
25 août 2019 à 19:28:46,Activité,2651145859
29 août 2019 à 14:12:39,Activité,2655426884
8 sept. 2019 à 12:58:21,Activité,2690401782
11 sept. 2019 à 09:20:48,Activité,2685059721
14 sept. 2019 à 15:37:53,Activité,2699923200
15 sept. 2019 à 10:59:45,Activité,2708719078
15 sept. 2019 à 10:59:53,Activité,2708719074
15 sept. 2019 à 10:59:58,Activité,2708717870
15 sept. 2019 à 11:00:00,Activité,2708718824
22 sept. 2019 à 20:30:36,Activité,2730496027
22 sept. 2019 à 20:31:29,Activité,2722746576
22 sept. 2019 à 20:32:17,Activité,2716029175
22 sept. 2019 à 20:32:56,Activité,2730469167
29 sept. 2019 à 18:00:40,Activité,2745470105
2 oct. 2019 à 16:17:57,Activité,2752290044
2 oct. 2019 à 16:18:06,Activité,2755116542
2 oct. 2019 à 16:18:10,Activité,2749182359
5 oct. 2019 à 06:26:53,Activité,2759832107
12 oct. 2019 à 06:30:59,Activité,2779621330
12 oct. 2019 à 06:31:07,Activité,2780678847
12 oct. 2019 à 06:31:17,Activité,2780679057
12 oct. 2019 à 06:31:28,Activité,2769421520
13 oct. 2019 à 17:07:34,Activité,2786388911
14 oct. 2019 à 18:41:16,Activité,2787449716
20 oct. 2019 à 17:31:01,Activité,2800792146
22 oct. 2019 à 05:35:33,Activité,2805531330
24 oct. 2019 à 19:27:02,Activité,2814097033
24 oct. 2019 à 19:27:17,Activité,2808585583
31 oct. 2019 à 09:55:23,Activité,2826869008
31 oct. 2019 à 09:55:30,Activité,2824489348
31 oct. 2019 à 09:55:42,Activité,2819046120
31 oct. 2019 à 09:55:45,Activité,2819047089
17 nov. 2019 à 18:54:05,Activité,2871297578
23 nov. 2019 à 18:30:01,Activité,2885230312
23 nov. 2019 à 18:30:09,Activité,2883123333
24 nov. 2019 à 20:55:50,Activité,2887973034
28 nov. 2019 à 19:01:19,Activité,2895751361
1 déc. 2019 à 18:13:25,Activité,2902268301
4 déc. 2019 à 21:56:22,Activité,2909527231
4 déc. 2019 à 21:56:52,Activité,2908097239
8 déc. 2019 à 15:32:39,Activité,2918994587
16 déc. 2019 à 18:42:34,Activité,2934725264
16 déc. 2019 à 18:42:40,Activité,2932590757
19 déc. 2019 à 22:51:35,Activité,2942472400
19 déc. 2019 à 22:51:38,Activité,2943728745
19 déc. 2019 à 22:52:06,Activité,2941940691
23 déc. 2019 à 17:24:39,Activité,2948873493
23 déc. 2019 à 17:24:42,Activité,2947859180
24 déc. 2019 à 19:11:51,Activité,2953228321
26 déc. 2019 à 13:13:31,Activité,2956658467
26 déc. 2019 à 22:09:38,Activité,2957753865
30 déc. 2019 à 21:23:49,Activité,2967613610
31 déc. 2019 à 08:26:49,Activité,2968707516
31 déc. 2019 à 08:28:05,Activité,2962815817
31 déc. 2019 à 08:28:09,Activité,2965316825
5 janv. 2020 à 21:11:15,Activité,2983844060
7 janv. 2020 à 19:23:38,Activité,2987628616
7 janv. 2020 à 19:23:44,Activité,2989654104
7 janv. 2020 à 19:23:47,Activité,2988294523
8 janv. 2020 à 16:05:07,Activité,2992756592
8 janv. 2020 à 16:05:18,Activité,2991129542
9 janv. 2020 à 18:21:27,Activité,2994186339
12 janv. 2020 à 13:13:24,Activité,3002579282
12 janv. 2020 à 18:13:22,Activité,3005465315
15 janv. 2020 à 19:06:44,Activité,3011061418
18 janv. 2020 à 14:18:55,Activité,3021392181
18 janv. 2020 à 14:19:47,Activité,3017190109
18 janv. 2020 à 14:19:58,Activité,3010054236
19 janv. 2020 à 20:17:56,Activité,3024749785
19 janv. 2020 à 20:18:08,Activité,3024821371
23 janv. 2020 à 19:24:47,Activité,3033394256
23 janv. 2020 à 19:24:53,Activité,3033239933
24 janv. 2020 à 19:53:30,Activité,3038764777
27 janv. 2020 à 19:34:41,Activité,3045492331
27 janv. 2020 à 19:34:46,Activité,3043833119
27 janv. 2020 à 19:34:52,Activité,3044997829
28 janv. 2020 à 06:52:38,Activité,3045750831
30 janv. 2020 à 19:22:01,Activité,3055752380
7 févr. 2020 à 07:31:29,Activité,3077005186
7 févr. 2020 à 07:31:46,Activité,3071354542
7 févr. 2020 à 07:31:52,Activité,3076392692
7 févr. 2020 à 07:31:55,Activité,3069041008
11 févr. 2020 à 19:07:33,Activité,3085492142
15 févr. 2020 à 06:26:12,Activité,3088562044
19 févr. 2020 à 18:19:40,Activité,3111253716
19 févr. 2020 à 18:20:10,Activité,3104316361
19 févr. 2020 à 18:20:16,Activité,3101644417
19 févr. 2020 à 18:20:28,Activité,3098729634
21 févr. 2020 à 13:26:06,Activité,3118989108
21 févr. 2020 à 13:26:12,Activité,3117036458
26 févr. 2020 à 06:28:01,Activité,3130190832
26 févr. 2020 à 06:33:17,Activité,3125012121
26 févr. 2020 à 06:35:31,Activité,3125070526
26 févr. 2020 à 06:35:31,Activité,3122557404
1 mars 2020 à 17:31:14,Activité,3143971969
1 mars 2020 à 17:31:58,Activité,3144575996
1 mars 2020 à 17:32:13,Activité,3144305198
8 mars 2020 à 15:19:34,Activité,3164380748
13 mars 2020 à 06:30:18,Activité,3177474928
13 mars 2020 à 06:30:31,Activité,3176721917
13 mars 2020 à 06:30:36,Activité,3171008468
13 mars 2020 à 06:30:44,Activité,3165760101
13 mars 2020 à 06:30:49,Activité,3166374894
11 avr. 2020 à 07:12:49,Activité,3277016910
11 avr. 2020 à 13:41:01,Activité,3269465590
11 avr. 2020 à 13:41:07,Activité,3268581700
12 avr. 2020 à 07:28:45,Activité,3285701379
14 avr. 2020 à 17:13:24,Activité,3294429359
16 avr. 2020 à 13:06:03,Activité,3305517904
16 avr. 2020 à 13:06:06,Activité,3305639589
16 avr. 2020 à 20:22:23,Activité,3308925530
25 avr. 2020 à 17:59:57,Activité,3344382916
25 avr. 2020 à 18:00:10,Activité,3334351950
25 avr. 2020 à 18:00:14,Activité,3332625524
25 avr. 2020 à 18:00:22,Activité,3325064551
25 avr. 2020 à 18:00:27,Activité,3314451458
30 avr. 2020 à 05:33:37,Activité,3372418977
15 mai 2020 à 16:31:29,Activité,3443386960
15 mai 2020 à 16:31:35,Activité,3440101166
17 mai 2020 à 10:39:03,Activité,3464725676
17 mai 2020 à 12:57:32,Activité,3465296258
17 mai 2020 à 18:29:31,Activité,3466597263
17 mai 2020 à 18:29:43,Activité,3467904108
17 mai 2020 à 18:29:48,Activité,3467353006
24 mai 2020 à 12:11:28,Activité,3502912534
1 juin 2020 à 16:40:41,Activité,3547670819
4 juin 2020 à 11:11:31,Activité,3561713991
4 juin 2020 à 11:11:35,Activité,3556976113
4 juin 2020 à 11:11:46,Activité,3546881004
4 juin 2020 à 11:11:52,Activité,3547042359
7 juin 2020 à 15:34:26,Activité,3578358206
7 juin 2020 à 15:34:29,Activité,3576862955
7 juin 2020 à 15:34:35,Activité,3576403156
7 juin 2020 à 15:34:38,Activité,3575001770
7 juin 2020 à 15:34:40,Activité,3573667952
7 juin 2020 à 15:34:43,Activité,3572170296
12 juin 2020 à 08:12:38,Activité,3592114486
26 juin 2020 à 12:20:41,Activité,3673412241
26 juin 2020 à 12:20:59,Activité,3654730745
26 juin 2020 à 12:21:06,Activité,3647785336
26 juin 2020 à 12:21:15,Activité,3643089332
26 juin 2020 à 12:21:40,Activité,3640090130
28 juin 2020 à 20:32:24,Activité,3683002451
5 juil. 2020 à 11:42:27,Activité,3695092675
5 juil. 2020 à 11:43:58,Activité,3706257596
5 juil. 2020 à 19:38:21,Activité,3695092641
7 juil. 2020 à 18:00:46,Activité,3727127704
7 juil. 2020 à 18:55:35,Activité,3727656358
9 juil. 2020 à 16:43:54,Activité,3735989963
9 juil. 2020 à 16:44:31,Activité,3735651733
10 juil. 2020 à 05:06:51,Activité,3725204543
10 juil. 2020 à 07:53:52,Activité,3735991250
11 juil. 2020 à 13:24:08,Activité,3744970140
11 juil. 2020 à 13:24:12,Activité,3744327453
11 juil. 2020 à 17:33:54,Activité,3746938959
11 juil. 2020 à 17:34:00,Activité,3746692114
13 juil. 2020 à 09:19:58,Activité,3754566453
15 juil. 2020 à 19:52:45,Activité,3764585279
15 juil. 2020 à 19:53:04,Activité,3764585983
18 juil. 2020 à 07:11:52,Activité,3770146933
18 juil. 2020 à 07:11:59,Activité,3772099325
18 juil. 2020 à 07:12:12,Activité,3759929058
20 juil. 2020 à 08:42:57,Activité,3784317036
20 juil. 2020 à 08:43:10,Activité,3775216117
20 juil. 2020 à 08:44:30,Activité,3780165745
20 juil. 2020 à 09:14:15,Activité,3779489661
21 juil. 2020 à 09:00:12,Activité,3789775752
21 juil. 2020 à 21:08:53,Activité,3795741381
21 juil. 2020 à 21:09:04,Activité,3795416987
26 juil. 2020 à 15:25:00,Activité,3813798416
26 juil. 2020 à 15:25:12,Activité,3813976057
26 juil. 2020 à 15:25:20,Activité,3810473730
28 juil. 2020 à 07:39:20,Activité,3823369339
28 juil. 2020 à 07:39:36,Activité,3823367692
28 juil. 2020 à 07:39:51,Activité,3823089023
28 juil. 2020 à 10:00:35,Activité,3825327851
28 juil. 2020 à 10:00:37,Activité,3825327818
28 juil. 2020 à 10:00:45,Activité,3825329394
28 juil. 2020 à 10:00:49,Activité,3825334939
28 juil. 2020 à 10:00:51,Activité,3825337372
28 juil. 2020 à 17:27:20,Activité,3825779186
29 juil. 2020 à 08:06:58,Activité,3831337765
29 juil. 2020 à 08:07:40,Activité,3829539354
30 juil. 2020 à 12:56:27,Activité,3837166193
30 juil. 2020 à 12:56:31,Activité,3835058229
30 juil. 2020 à 12:56:34,Activité,3835058297
30 juil. 2020 à 16:59:31,Activité,3839097879
31 juil. 2020 à 05:45:27,Activité,3839949951
31 juil. 2020 à 11:55:44,Activité,3839101698
31 juil. 2020 à 11:55:53,Activité,3839094809
1 août 2020 à 15:02:34,Activité,3847295918
1 août 2020 à 15:02:44,Activité,3847281186
1 août 2020 à 15:02:49,Activité,3847276702
2 août 2020 à 12:44:40,Activité,3851759589
2 août 2020 à 15:36:31,Activité,3853358041
2 août 2020 à 18:26:53,Activité,3854764152
2 août 2020 à 18:27:12,Activité,3854493481
2 août 2020 à 18:27:23,Activité,3854958264
3 août 2020 à 20:42:15,Activité,3859321205
3 août 2020 à 20:43:18,Activité,3857312253
3 août 2020 à 20:43:31,Activité,3858899088
4 août 2020 à 07:04:26,Activité,3861399678
5 août 2020 à 13:53:42,Activité,3863589606
8 août 2020 à 17:55:41,Activité,3881782789
8 août 2020 à 17:57:02,Activité,3876322573
8 août 2020 à 17:57:28,Activité,3872585769
9 août 2020 à 14:28:22,Activité,3887014940
9 août 2020 à 14:28:55,Activité,3885796114
9 août 2020 à 14:29:08,Activité,3886897257
9 août 2020 à 14:29:15,Activité,3879355802
9 août 2020 à 14:29:17,Activité,3879350088
9 août 2020 à 14:29:18,Activité,3882813207
9 août 2020 à 14:29:21,Activité,3879357061
9 août 2020 à 14:29:29,Activité,3879350764
16 août 2020 à 14:31:59,Activité,3920350028
16 août 2020 à 14:33:26,Activité,3910312622
16 août 2020 à 14:33:41,Activité,3901154026
16 août 2020 à 19:39:47,Activité,3922697302
17 août 2020 à 17:06:53,Activité,3925089656
20 août 2020 à 15:19:20,Activité,3934477381
20 août 2020 à 15:19:48,Activité,3935104026
20 août 2020 à 15:19:58,Activité,3939759827
20 août 2020 à 15:21:04,Activité,3930841260
23 août 2020 à 17:03:16,Activité,3953050640
23 août 2020 à 17:03:24,Activité,3945734189
24 août 2020 à 21:22:49,Activité,3960342001
26 août 2020 à 10:15:22,Activité,3967505820
26 août 2020 à 10:15:36,Activité,3962978634
26 août 2020 à 10:15:39,Activité,3964692439
26 août 2020 à 11:57:09,Activité,3964702553
26 août 2020 à 20:36:58,Activité,3969844289
29 août 2020 à 12:02:13,Activité,3974412725
29 août 2020 à 12:02:16,Activité,3978793751
3 sept. 2020 à 17:31:37,Activité,4002079652
3 sept. 2020 à 17:33:10,Activité,3996843754
3 sept. 2020 à 17:33:49,Activité,4000208768
6 sept. 2020 à 12:45:57,Activité,4019262797
6 sept. 2020 à 15:27:52,Activité,4015803578
6 sept. 2020 à 15:27:56,Activité,4015799554
6 sept. 2020 à 15:27:59,Activité,4015791410
6 sept. 2020 à 15:28:03,Activité,4015794793
6 sept. 2020 à 15:28:15,Activité,4008963490
6 sept. 2020 à 15:28:18,Activité,4011301862
8 sept. 2020 à 19:41:01,Activité,4031003672
10 sept. 2020 à 15:39:20,Activité,4034090524
10 sept. 2020 à 15:39:22,Activité,4036240970
10 sept. 2020 à 15:39:49,Activité,4034100142
10 sept. 2020 à 15:39:59,Activité,4035491810
11 sept. 2020 à 18:50:26,Activité,4043507774
11 sept. 2020 à 18:50:31,Activité,4042659536
12 sept. 2020 à 20:24:09,Activité,4048742448
13 sept. 2020 à 11:14:25,Activité,4053041709
13 sept. 2020 à 11:14:28,Activité,4053045337
13 sept. 2020 à 11:14:34,Activité,4052388964
13 sept. 2020 à 11:15:00,Activité,4052171701
13 sept. 2020 à 11:15:23,Activité,4052378635
14 sept. 2020 à 05:10:19,Activité,4055722214
16 sept. 2020 à 08:44:18,Activité,4065145752
16 sept. 2020 à 08:44:23,Activité,4061541323
17 sept. 2020 à 12:20:43,Activité,4072363836
18 sept. 2020 à 05:15:28,Activité,4074331954
18 sept. 2020 à 05:15:43,Activité,4073724879
20 sept. 2020 à 17:03:58,Activité,4086805410
20 sept. 2020 à 17:04:07,Activité,4086316485
20 sept. 2020 à 17:04:17,Activité,4086410458
23 sept. 2020 à 17:48:18,Activité,4097165933
23 sept. 2020 à 17:48:38,Activité,4102470815
23 sept. 2020 à 17:48:43,Activité,4093491668
23 sept. 2020 à 17:48:49,Activité,4093511863
26 sept. 2020 à 17:15:20,Activité,4115354366
26 sept. 2020 à 17:17:10,Activité,4114846935
26 sept. 2020 à 17:17:15,Activité,4107704820
26 sept. 2020 à 17:17:20,Activité,4107700850
3 oct. 2020 à 16:52:26,Activité,4146211200
3 oct. 2020 à 16:52:28,Activité,4146211823
3 oct. 2020 à 16:52:46,Activité,4144531830
3 oct. 2020 à 16:53:05,Activité,4138256336
3 oct. 2020 à 16:53:11,Activité,4131818226
3 oct. 2020 à 16:53:24,Activité,4134008919
3 oct. 2020 à 16:53:29,Activité,4131370448
3 oct. 2020 à 16:53:39,Activité,4146210961
4 oct. 2020 à 10:17:21,Activité,4149016982
4 oct. 2020 à 11:25:56,Activité,4149230764
4 oct. 2020 à 11:56:55,Activité,4149162457
4 oct. 2020 à 19:22:27,Activité,4150158215
8 oct. 2020 à 07:27:53,Activité,4164905818
9 oct. 2020 à 11:05:39,Activité,4167982968
11 oct. 2020 à 06:06:57,Activité,4176736130
11 oct. 2020 à 06:07:02,Activité,4172439017
11 oct. 2020 à 06:07:13,Activité,4172444301
11 oct. 2020 à 06:07:23,Activité,4172435330
11 oct. 2020 à 06:07:46,Activité,4177049316
11 oct. 2020 à 12:15:36,Activité,4180591341
11 oct. 2020 à 12:16:06,Activité,4180197539
11 oct. 2020 à 13:11:07,Activité,4180932767
11 oct. 2020 à 20:41:27,Activité,4182085737
11 oct. 2020 à 20:41:49,Activité,4182086052
12 oct. 2020 à 16:47:26,Activité,4180052060
15 oct. 2020 à 14:58:16,Activité,4194845566
17 oct. 2020 à 15:29:57,Activité,4201465211
17 oct. 2020 à 15:30:46,Activité,4201911040
17 oct. 2020 à 15:30:50,Activité,4201913631
18 oct. 2020 à 11:06:56,Activité,4210645660
18 oct. 2020 à 11:46:06,Activité,4210827844
18 oct. 2020 à 15:54:28,Activité,4211523765
18 oct. 2020 à 15:54:33,Activité,4211520956
18 oct. 2020 à 15:54:36,Activité,4212374325
18 oct. 2020 à 17:45:27,Activité,4212461450
20 oct. 2020 à 06:13:11,Activité,4216202580
20 oct. 2020 à 06:14:32,Activité,4216988998
20 oct. 2020 à 06:15:16,Activité,4216794277
20 oct. 2020 à 06:15:27,Activité,4217052711
20 oct. 2020 à 06:15:41,Activité,4215093349
20 oct. 2020 à 21:34:04,Activité,4221356829
20 oct. 2020 à 21:34:31,Activité,4220209146
22 oct. 2020 à 10:28:33,Activité,4227724291
23 oct. 2020 à 14:06:37,Activité,4231905027
24 oct. 2020 à 16:16:03,Activité,4237618869
24 oct. 2020 à 16:16:10,Activité,4236371108
25 oct. 2020 à 12:19:07,Activité,4241220127
26 oct. 2020 à 06:13:43,Activité,4243185341
26 oct. 2020 à 06:13:55,Activité,4243048943
26 oct. 2020 à 15:15:19,Activité,4245674776
26 oct. 2020 à 17:35:53,Activité,4246469432
28 oct. 2020 à 11:59:57,Activité,4249527756
29 oct. 2020 à 18:16:59,Activité,4258568484
29 oct. 2020 à 18:17:01,Activité,4258566047
29 oct. 2020 à 18:17:03,Activité,4258563803
31 oct. 2020 à 18:01:21,Activité,4265141389
1 nov. 2020 à 15:55:36,Activité,4271138694
8 nov. 2020 à 16:25:19,Activité,4308579330
8 nov. 2020 à 16:25:28,Activité,4308123339
12 nov. 2020 à 19:05:06,Activité,4327813346
12 nov. 2020 à 19:05:13,Activité,4323251218
12 nov. 2020 à 19:05:14,Activité,4321735242
12 nov. 2020 à 19:05:25,Activité,4318116164
12 nov. 2020 à 19:05:28,Activité,4316832510
12 nov. 2020 à 19:05:33,Activité,4313740357
12 nov. 2020 à 19:05:37,Activité,4312034792
14 nov. 2020 à 19:18:39,Activité,4335691933
18 nov. 2020 à 18:26:13,Activité,4355293797
18 nov. 2020 à 18:26:30,Activité,4354788207
18 nov. 2020 à 18:26:42,Activité,4352109722
18 nov. 2020 à 18:26:44,Activité,4351376342
18 nov. 2020 à 18:28:43,Activité,4349675513
18 nov. 2020 à 18:28:52,Activité,4346698773
18 nov. 2020 à 18:28:56,Activité,4346762121
20 nov. 2020 à 16:11:10,Activité,4364424329
20 nov. 2020 à 16:12:01,Activité,4359855633
20 nov. 2020 à 16:12:07,Activité,4356871944
20 nov. 2020 à 18:26:27,Activité,4365208211
21 nov. 2020 à 15:59:02,Activité,4370030089
21 nov. 2020 à 15:59:05,Activité,4368420901
21 nov. 2020 à 15:59:08,Activité,4368270866
22 nov. 2020 à 15:48:06,Activité,4375028446
26 nov. 2020 à 17:08:39,Activité,4393833149
26 nov. 2020 à 17:08:50,Activité,4389259159
26 nov. 2020 à 17:09:23,Activité,4388298088
28 nov. 2020 à 07:37:07,Activité,4397923058
28 nov. 2020 à 20:19:48,Activité,4403048431
28 nov. 2020 à 20:21:19,Activité,4400618740
29 nov. 2020 à 12:44:05,Activité,4407017977
29 nov. 2020 à 16:11:15,Activité,4408313686
29 nov. 2020 à 16:51:43,Activité,4408591199
2 déc. 2020 à 15:29:57,Activité,4417048319
4 déc. 2020 à 07:50:13,Activité,4425742447
8 déc. 2020 à 20:59:29,Activité,4446351251
8 déc. 2020 à 21:00:08,Activité,4442674456
8 déc. 2020 à 21:00:12,Activité,4437803450
8 déc. 2020 à 21:00:22,Activité,4437302346
8 déc. 2020 à 21:00:37,Activité,4436500756
8 déc. 2020 à 21:00:41,Activité,4436681110
12 déc. 2020 à 11:45:25,Activité,4453944491
13 déc. 2020 à 14:49:36,Activité,4466780112
13 déc. 2020 à 14:49:41,Activité,4466915598
15 déc. 2020 à 19:37:38,Activité,4476408772
21 déc. 2020 à 13:16:43,Activité,4494723650
21 déc. 2020 à 13:16:47,Activité,4491592533
21 déc. 2020 à 13:17:01,Activité,4486459975
23 déc. 2020 à 12:20:15,Activité,4503354227
23 déc. 2020 à 12:20:43,Activité,4504288070
23 déc. 2020 à 16:46:17,Activité,4508220494
23 déc. 2020 à 16:46:22,Activité,4508218968
23 déc. 2020 à 16:47:12,Activité,4499460518
23 déc. 2020 à 16:47:15,Activité,4495737556
24 déc. 2020 à 14:01:27,Activité,4511779582
24 déc. 2020 à 14:01:41,Activité,4511625625
24 déc. 2020 à 17:59:46,Activité,4513089035
26 déc. 2020 à 21:18:14,Activité,4519099722
26 déc. 2020 à 21:18:20,Activité,4515915309
26 déc. 2020 à 21:18:29,Activité,4513374543
28 déc. 2020 à 06:16:05,Activité,4523986520
29 déc. 2020 à 06:44:05,Activité,4528565175
29 déc. 2020 à 06:44:44,Activité,4519949447
29 déc. 2020 à 18:30:04,Activité,4533376116
29 déc. 2020 à 20:09:52,Activité,4530351695
30 déc. 2020 à 16:06:38,Activité,4539402630
30 déc. 2020 à 16:06:41,Activité,4538786998
30 déc. 2020 à 20:08:21,Activité,4540791320
31 déc. 2020 à 21:13:25,Activité,4545049631
1 janv. 2021 à 12:55:30,Activité,4548154182
1 janv. 2021 à 12:55:57,Activité,4548228813
1 janv. 2021 à 12:56:16,Activité,4540888577
2 janv. 2021 à 20:04:24,Activité,4552491930
2 janv. 2021 à 20:04:28,Publication,13639462
3 janv. 2021 à 09:23:52,Publication,13693481
3 janv. 2021 à 12:13:46,Activité,4558827395
3 janv. 2021 à 12:36:29,Activité,4554672656
3 janv. 2021 à 17:39:58,Activité,4560695482
3 janv. 2021 à 17:40:06,Activité,4560493251
3 janv. 2021 à 17:40:25,Activité,4560695346
4 janv. 2021 à 15:15:16,Activité,4565705971
5 janv. 2021 à 13:54:39,Activité,4570402013
8 janv. 2021 à 21:59:05,Activité,4585907925
8 janv. 2021 à 21:59:41,Activité,4576138114
8 janv. 2021 à 21:59:45,Activité,4572458102
8 janv. 2021 à 21:59:49,Activité,4576543097
8 janv. 2021 à 21:59:51,Activité,4576543275
8 janv. 2021 à 21:59:54,Activité,4572169576
8 janv. 2021 à 22:00:01,Activité,4572064545
9 janv. 2021 à 20:23:52,Activité,4593462812
9 janv. 2021 à 20:23:56,Activité,4590604536
9 janv. 2021 à 20:23:58,Activité,4590451194
10 janv. 2021 à 20:02:22,Activité,4599013667
10 janv. 2021 à 20:02:36,Activité,4599480051
10 janv. 2021 à 23:28:47,Activité,4599816051
13 janv. 2021 à 10:49:13,Activité,4610098486
13 janv. 2021 à 10:49:30,Activité,4608139039
14 janv. 2021 à 17:33:54,Activité,4619819452
15 janv. 2021 à 12:22:39,Activité,4623671174
15 janv. 2021 à 13:50:51,Activité,4624041987
15 janv. 2021 à 13:51:03,Activité,4623720914
17 janv. 2021 à 12:41:08,Activité,4634354034
17 janv. 2021 à 12:41:10,Activité,4633978778
17 janv. 2021 à 18:32:29,Activité,4637185586
17 janv. 2021 à 18:33:51,Activité,4635981215
18 janv. 2021 à 16:26:44,Activité,4640523562
18 janv. 2021 à 22:20:09,Activité,4642343471
20 janv. 2021 à 06:26:31,Activité,4647155259
21 janv. 2021 à 06:29:24,Activité,4651110131
21 janv. 2021 à 06:29:47,Activité,4647306399
21 janv. 2021 à 10:26:30,Activité,4655784371
22 janv. 2021 à 13:22:57,Activité,4661692063
23 janv. 2021 à 17:33:47,Activité,4666026351
24 janv. 2021 à 12:04:06,Activité,4672763700
24 janv. 2021 à 12:04:07,Activité,4672824405
24 janv. 2021 à 15:11:37,Activité,4673921598
24 janv. 2021 à 15:11:53,Activité,4673810657
24 janv. 2021 à 18:36:10,Activité,4671486364
24 janv. 2021 à 18:36:31,Activité,4661611937
24 janv. 2021 à 18:36:34,Activité,4661753502
24 janv. 2021 à 19:41:33,Activité,4675966990
26 janv. 2021 à 08:08:20,Activité,4682607118
26 janv. 2021 à 12:43:03,Activité,4683576346
26 janv. 2021 à 12:43:06,Activité,4683601055
28 janv. 2021 à 06:50:52,Activité,4688965067
28 janv. 2021 à 20:40:12,Activité,4695854492
28 janv. 2021 à 20:40:18,Activité,4693502699
29 janv. 2021 à 10:26:23,Activité,4698276586
29 janv. 2021 à 10:26:50,Activité,4695449475
30 janv. 2021 à 13:02:38,Activité,4700240614
30 janv. 2021 à 19:27:28,Activité,4701893302
31 janv. 2021 à 11:56:30,Activité,4710103553
31 janv. 2021 à 17:33:36,Activité,4711025194
1 févr. 2021 à 12:58:10,Activité,4716347997
3 févr. 2021 à 16:50:30,Activité,4727068847
3 févr. 2021 à 16:50:36,Activité,4726422734
3 févr. 2021 à 21:54:51,Activité,4727857426
3 févr. 2021 à 21:54:54,Activité,4727555415
5 févr. 2021 à 06:39:31,Activité,4733615976
5 févr. 2021 à 06:39:43,Activité,4731310961
5 févr. 2021 à 16:04:26,Activité,4737864622
5 févr. 2021 à 16:04:47,Activité,4738611574
5 févr. 2021 à 16:04:53,Activité,4737137388
7 févr. 2021 à 11:45:43,Activité,4749068995
7 févr. 2021 à 11:46:56,Activité,4748840277
7 févr. 2021 à 11:46:59,Activité,4745700661
7 févr. 2021 à 16:48:19,Activité,4751147414
8 févr. 2021 à 13:35:20,Activité,4754458722
9 févr. 2021 à 06:29:12,Activité,4755527027
9 févr. 2021 à 17:48:59,Activité,4759556500
9 févr. 2021 à 17:49:03,Activité,4759174888
11 févr. 2021 à 21:56:39,Activité,4771443150
11 févr. 2021 à 21:57:31,Activité,4765198515
12 févr. 2021 à 20:39:18,Activité,4775599115
13 févr. 2021 à 14:21:58,Activité,4780391922
13 févr. 2021 à 20:01:22,Activité,4781409192
14 févr. 2021 à 12:07:54,Activité,4783767186
14 févr. 2021 à 12:07:57,Activité,4782088226
14 févr. 2021 à 17:11:58,Activité,4786808397
15 févr. 2021 à 13:27:29,Activité,4790427854
16 févr. 2021 à 18:29:31,Activité,4795877974
16 févr. 2021 à 18:29:32,Activité,4795503815
16 févr. 2021 à 18:29:40,Activité,4794916761
18 févr. 2021 à 07:13:13,Activité,4800868555
18 févr. 2021 à 07:13:31,Activité,4800707628
18 févr. 2021 à 13:58:39,Activité,4806637022
18 févr. 2021 à 13:58:46,Activité,4806512929
18 févr. 2021 à 13:58:48,Activité,4806407575
18 févr. 2021 à 13:58:50,Activité,4806398517
18 févr. 2021 à 13:58:51,Activité,4806006128
18 févr. 2021 à 13:58:54,Activité,4805772783
18 févr. 2021 à 13:58:59,Activité,4803043200
18 févr. 2021 à 19:08:40,Activité,4807819317
20 févr. 2021 à 17:56:15,Activité,4816818103
20 févr. 2021 à 17:57:21,Activité,4813747765
20 févr. 2021 à 17:57:26,Activité,4813183281
21 févr. 2021 à 12:21:23,Activité,4823051763
21 févr. 2021 à 12:21:41,Activité,4822939639
21 févr. 2021 à 12:21:51,Activité,4822615009
21 févr. 2021 à 12:21:55,Activité,4821468490
21 févr. 2021 à 14:21:47,Activité,4823138459
21 févr. 2021 à 16:17:40,Activité,4816781587
23 févr. 2021 à 07:59:00,Activité,4833559528
23 févr. 2021 à 07:59:04,Activité,4831538529
23 févr. 2021 à 17:43:23,Activité,4836353702
24 févr. 2021 à 19:08:08,Activité,4843059798
24 févr. 2021 à 19:08:22,Activité,4840604088
25 févr. 2021 à 11:06:38,Activité,4846185728
25 févr. 2021 à 18:02:52,Activité,4848346860
25 févr. 2021 à 18:02:58,Activité,4848013507
25 févr. 2021 à 18:03:12,Activité,4846576439
25 févr. 2021 à 18:03:31,Activité,4840934808
26 févr. 2021 à 22:07:17,Activité,4852342229
26 févr. 2021 à 22:07:35,Activité,4851520834
26 févr. 2021 à 22:07:42,Activité,4852085324
27 févr. 2021 à 17:14:21,Activité,4859477811
27 févr. 2021 à 17:14:24,Activité,4859228716
27 févr. 2021 à 17:14:27,Activité,4858626603
27 févr. 2021 à 17:14:38,Activité,4858347264
27 févr. 2021 à 17:14:41,Activité,4857376535
27 févr. 2021 à 17:14:44,Activité,4853676408
28 févr. 2021 à 12:15:07,Activité,4864604544
28 févr. 2021 à 12:15:12,Activité,4864613036
28 févr. 2021 à 15:30:20,Activité,4864855146
1 mars 2021 à 18:57:11,Activité,4870978598
1 mars 2021 à 18:57:13,Activité,4870880597
2 mars 2021 à 16:09:18,Activité,4876494784
2 mars 2021 à 16:09:33,Activité,4873437619
3 mars 2021 à 06:59:32,Activité,4877913795
3 mars 2021 à 06:59:45,Activité,4876515451
3 mars 2021 à 06:59:52,Activité,4878252271
3 mars 2021 à 18:33:04,Activité,4882675314
4 mars 2021 à 06:20:35,Activité,4885762774
4 mars 2021 à 06:22:13,Activité,4882769946
4 mars 2021 à 19:04:34,Activité,4889719154
5 mars 2021 à 12:22:23,Activité,4892848806
5 mars 2021 à 12:22:33,Activité,4890822370
5 mars 2021 à 13:29:12,Activité,4893865018
6 mars 2021 à 12:26:01,Activité,4899115849
6 mars 2021 à 12:45:22,Activité,4899128187
6 mars 2021 à 15:27:36,Activité,4900226219
6 mars 2021 à 15:27:44,Activité,4900225024
6 mars 2021 à 15:28:39,Activité,4896417616
6 mars 2021 à 15:28:52,Activité,4893487711
6 mars 2021 à 16:13:59,Activité,4900794957
7 mars 2021 à 17:24:39,Activité,4906261706
7 mars 2021 à 17:25:07,Activité,4905983337
7 mars 2021 à 17:25:34,Activité,4905332478
7 mars 2021 à 17:25:40,Activité,4905021098
7 mars 2021 à 17:25:43,Activité,4905019635
7 mars 2021 à 17:25:59,Activité,4901059859
8 mars 2021 à 17:48:39,Activité,4911764883
8 mars 2021 à 19:28:09,Activité,4912070692
8 mars 2021 à 19:28:22,Activité,4911868063
10 mars 2021 à 16:51:16,Activité,4924018769
10 mars 2021 à 16:51:31,Activité,4922134953
10 mars 2021 à 16:51:39,Activité,4919704183
10 mars 2021 à 16:51:45,Activité,4917353458
10 mars 2021 à 16:51:54,Activité,4916098971
12 mars 2021 à 17:30:32,Activité,4933637082
12 mars 2021 à 17:30:41,Activité,4932559061
12 mars 2021 à 17:31:26,Activité,4928467684
13 mars 2021 à 17:28:12,Activité,4940362499
13 mars 2021 à 17:28:33,Activité,4940471227
13 mars 2021 à 17:28:40,Activité,4940465808
13 mars 2021 à 17:28:52,Activité,4940462657
14 mars 2021 à 15:49:23,Activité,4944681948
14 mars 2021 à 15:49:25,Activité,4944665261
14 mars 2021 à 15:49:26,Activité,4944058648
14 mars 2021 à 15:49:29,Activité,4943779027
14 mars 2021 à 15:49:34,Activité,4943745347
15 mars 2021 à 20:13:12,Activité,4950189151
16 mars 2021 à 15:34:48,Activité,4955697261
16 mars 2021 à 15:34:54,Activité,4954545179
16 mars 2021 à 15:35:02,Activité,4951098891
16 mars 2021 à 15:35:03,Activité,4951080124
16 mars 2021 à 15:35:15,Activité,4946408339
16 mars 2021 à 22:00:34,Activité,4957501928
17 mars 2021 à 18:26:39,Activité,4961564454
17 mars 2021 à 18:26:51,Activité,4961406157
19 mars 2021 à 15:56:34,Activité,4972180345
19 mars 2021 à 15:56:40,Activité,4971279800
19 mars 2021 à 15:56:49,Activité,4971099513
19 mars 2021 à 15:56:57,Activité,4968311131
19 mars 2021 à 15:57:01,Activité,4967722806
21 mars 2021 à 06:36:47,Activité,4976530842
21 mars 2021 à 13:28:06,Activité,4983553214
21 mars 2021 à 13:28:13,Activité,4983492418
21 mars 2021 à 13:28:16,Activité,4983721583
21 mars 2021 à 13:28:22,Activité,4982474479
21 mars 2021 à 13:28:25,Activité,4983536409
21 mars 2021 à 13:28:28,Activité,4980269938
21 mars 2021 à 13:28:33,Activité,4979044375
21 mars 2021 à 20:16:59,Activité,4984903526
22 mars 2021 à 07:32:05,Activité,4986978424
22 mars 2021 à 18:02:29,Activité,4990003780
23 mars 2021 à 18:34:07,Activité,4997651052
23 mars 2021 à 18:34:16,Activité,4997145981
23 mars 2021 à 18:34:25,Activité,4995761530
23 mars 2021 à 18:34:26,Activité,4995611146
24 mars 2021 à 17:05:30,Publication,15277167
24 mars 2021 à 17:08:17,Activité,5000605046
26 mars 2021 à 05:33:47,Activité,5007452501
26 mars 2021 à 05:33:56,Activité,5007390115
26 mars 2021 à 05:34:03,Activité,5004210679
26 mars 2021 à 13:16:35,Activité,5013167423
26 mars 2021 à 14:16:59,Activité,5013409833
27 mars 2021 à 14:47:45,Activité,5018788853
27 mars 2021 à 21:17:51,Activité,5021796029
27 mars 2021 à 21:17:54,Activité,5021790109
27 mars 2021 à 21:18:50,Activité,5020777506
28 mars 2021 à 11:07:45,Activité,5023518742
28 mars 2021 à 12:33:04,Activité,5024918697
28 mars 2021 à 12:33:08,Activité,5024646174
29 mars 2021 à 06:46:55,Activité,5027094153
29 mars 2021 à 20:44:34,Activité,5032368893
30 mars 2021 à 16:30:13,Activité,5036600245
30 mars 2021 à 16:30:24,Activité,5036639884
30 mars 2021 à 16:30:26,Activité,5035413409
30 mars 2021 à 20:51:16,Activité,5039014707
31 mars 2021 à 13:12:14,Activité,5041624629
31 mars 2021 à 21:08:02,Activité,5045499029
1 avr. 2021 à 14:58:11,Activité,5048651282
1 avr. 2021 à 14:58:20,Activité,5048331185
2 avr. 2021 à 14:06:15,Activité,5054782474
2 avr. 2021 à 14:06:18,Activité,5053552001
2 avr. 2021 à 14:06:26,Activité,5050761324
2 avr. 2021 à 14:06:36,Activité,5050847129
2 avr. 2021 à 14:06:45,Activité,5050744699
2 avr. 2021 à 14:06:46,Activité,5050744944
3 avr. 2021 à 06:50:22,Publication,15467127
3 avr. 2021 à 06:50:26,Activité,5059040864
3 avr. 2021 à 06:50:30,Activité,5056719631
3 avr. 2021 à 06:50:33,Activité,5059039737
3 avr. 2021 à 06:50:39,Activité,5055140622
3 avr. 2021 à 12:42:43,Activité,5059859623
3 avr. 2021 à 12:42:58,Activité,5059685400
4 avr. 2021 à 17:01:47,Activité,5067692702
4 avr. 2021 à 17:02:05,Activité,5066165331
4 avr. 2021 à 17:02:31,Activité,5066186111
4 avr. 2021 à 17:02:39,Activité,5065530054
4 avr. 2021 à 17:02:42,Activité,5060435454
5 avr. 2021 à 14:07:47,Activité,5072845617
5 avr. 2021 à 14:07:49,Activité,5072479932
5 avr. 2021 à 14:08:02,Activité,5071993506
5 avr. 2021 à 14:08:09,Activité,5071628652
7 avr. 2021 à 05:56:15,Activité,5079883529
7 avr. 2021 à 05:56:28,Activité,5077442890
7 avr. 2021 à 05:56:30,Activité,5074846979
8 avr. 2021 à 05:28:15,Activité,5084335794
8 avr. 2021 à 05:28:20,Activité,5084093961
8 avr. 2021 à 11:22:51,Activité,5088554314
8 avr. 2021 à 11:23:03,Activité,5085877912
8 avr. 2021 à 11:23:07,Activité,5084699900
9 avr. 2021 à 17:10:45,Activité,5095403927
9 avr. 2021 à 17:11:55,Activité,5091865701
9 avr. 2021 à 17:12:06,Activité,5094745124
9 avr. 2021 à 17:12:16,Activité,5090006226
9 avr. 2021 à 17:12:20,Activité,5092880851
9 avr. 2021 à 17:12:26,Activité,5092878520
10 avr. 2021 à 05:58:31,Activité,5097564369
10 avr. 2021 à 17:17:48,Activité,5103140944
10 avr. 2021 à 17:18:02,Activité,5103422964
11 avr. 2021 à 09:10:43,Activité,5106215275
11 avr. 2021 à 10:34:23,Activité,5106575733
11 avr. 2021 à 10:34:34,Activité,5106527964
11 avr. 2021 à 10:35:12,Activité,5102378497
11 avr. 2021 à 10:57:45,Activité,5107169281
11 avr. 2021 à 14:07:36,Activité,5107365478
11 avr. 2021 à 14:07:53,Activité,5107564426
12 avr. 2021 à 12:11:10,Activité,5113418749
12 avr. 2021 à 12:11:45,Publication,15638486
12 avr. 2021 à 16:31:32,Activité,5114065989
15 avr. 2021 à 13:49:15,Activité,5124632305
15 avr. 2021 à 13:49:21,Activité,5126011436
15 avr. 2021 à 13:49:29,Activité,5120206502
15 avr. 2021 à 13:49:35,Activité,5119908011
15 avr. 2021 à 13:56:02,Activité,5120549648
15 avr. 2021 à 13:56:19,Activité,5130620727
16 avr. 2021 à 17:17:08,Activité,5136309059
16 avr. 2021 à 17:17:13,Activité,5135497776
16 avr. 2021 à 17:17:20,Activité,5136306358
16 avr. 2021 à 17:17:23,Activité,5132261710
16 avr. 2021 à 17:17:26,Activité,5132004184
16 avr. 2021 à 17:17:37,Activité,5132305714
16 avr. 2021 à 17:17:39,Activité,5136301932
17 avr. 2021 à 08:18:40,Activité,5138340048
17 avr. 2021 à 13:22:29,Activité,5140791519
18 avr. 2021 à 11:22:07,Activité,5146519260
18 avr. 2021 à 16:50:51,Activité,5150199602
18 avr. 2021 à 16:50:58,Activité,5147866172
18 avr. 2021 à 16:51:02,Activité,5147272927
18 avr. 2021 à 16:51:09,Activité,5147151656
18 avr. 2021 à 16:51:11,Activité,5147698559
18 avr. 2021 à 16:51:13,Activité,5146808352
21 avr. 2021 à 12:18:31,Activité,5161055522
21 avr. 2021 à 16:32:13,Activité,5166892488
21 avr. 2021 à 16:32:23,Activité,5166882555
21 avr. 2021 à 16:33:27,Activité,5149374552
22 avr. 2021 à 12:42:05,Activité,5171372239
22 avr. 2021 à 12:42:09,Activité,5171111000
23 avr. 2021 à 07:01:01,Activité,5172167679
23 avr. 2021 à 07:01:58,Activité,5172165235
23 avr. 2021 à 19:46:14,Activité,5179057667
23 avr. 2021 à 19:46:23,Activité,5178855013
24 avr. 2021 à 17:42:33,Activité,5182395705
24 avr. 2021 à 17:42:41,Activité,5182231555
24 avr. 2021 à 17:42:48,Activité,5183551659
25 avr. 2021 à 11:13:01,Activité,5188123090
25 avr. 2021 à 11:13:06,Activité,5188275577
25 avr. 2021 à 11:13:24,Activité,5188566800
25 avr. 2021 à 11:13:48,Activité,5188951696
25 avr. 2021 à 19:06:01,Activité,5189687266
26 avr. 2021 à 11:12:50,Activité,5194287464
26 avr. 2021 à 11:13:06,Activité,5190330133
27 avr. 2021 à 13:26:47,Activité,5199609072
27 avr. 2021 à 20:46:12,Activité,5201832547
29 avr. 2021 à 11:26:16,Activité,5212229671
29 avr. 2021 à 11:26:18,Activité,5212177935
29 avr. 2021 à 11:26:26,Activité,5211739484
29 avr. 2021 à 11:26:36,Activité,5211741384
30 avr. 2021 à 05:30:35,Activité,5213918979
30 avr. 2021 à 05:30:44,Activité,5212445179
2 mai 2021 à 12:51:29,Activité,5227978954
2 mai 2021 à 12:51:33,Activité,5228454900
3 mai 2021 à 05:23:59,Activité,5229003574
3 mai 2021 à 06:57:13,Activité,5230441357
3 mai 2021 à 06:57:23,Activité,5229484979
3 mai 2021 à 06:57:24,Activité,5229596265
3 mai 2021 à 06:57:28,Activité,5229480864
5 mai 2021 à 11:48:18,Activité,5235625028
5 mai 2021 à 11:48:20,Activité,5235263797
5 mai 2021 à 15:44:10,Activité,5246345789
5 mai 2021 à 15:44:20,Activité,5245531183
5 mai 2021 à 15:44:26,Activité,5245484227
5 mai 2021 à 15:44:31,Activité,5246336865
8 mai 2021 à 17:45:38,Activité,5256048489
8 mai 2021 à 17:45:57,Activité,5247193399
9 mai 2021 à 11:53:20,Activité,5266581602
9 mai 2021 à 11:53:39,Activité,5266142266
9 mai 2021 à 11:53:53,Activité,5261262453
9 mai 2021 à 11:54:02,Activité,5260805408
9 mai 2021 à 11:54:04,Activité,5257537860
9 mai 2021 à 11:54:06,Activité,5257805000
9 mai 2021 à 11:54:09,Activité,5257807720
9 mai 2021 à 16:41:42,Activité,5268403465
10 mai 2021 à 08:33:09,Activité,5270091394
10 mai 2021 à 08:33:36,Activité,5268684803
12 mai 2021 à 09:06:48,Activité,5279358770
12 mai 2021 à 09:07:08,Activité,5277952257
12 mai 2021 à 09:07:27,Activité,5272045076
12 mai 2021 à 18:07:51,Activité,5285241442
12 mai 2021 à 18:07:53,Activité,5284884150
12 mai 2021 à 20:36:26,Activité,5285716065
13 mai 2021 à 14:50:52,Activité,5288078148
14 mai 2021 à 12:53:16,Activité,5294101252
14 mai 2021 à 12:53:19,Activité,5294029517
15 mai 2021 à 16:42:41,Activité,5299809193
15 mai 2021 à 16:42:46,Activité,5299474732
15 mai 2021 à 16:42:49,Activité,5300155308
15 mai 2021 à 16:42:51,Activité,5300151904
15 mai 2021 à 16:42:56,Activité,5294953006
15 mai 2021 à 16:43:01,Activité,5294670219
16 mai 2021 à 17:10:59,Activité,5306581332
16 mai 2021 à 17:11:04,Activité,5304410597
16 mai 2021 à 17:11:07,Activité,5302752249
16 mai 2021 à 17:11:10,Activité,5300153879
16 mai 2021 à 18:58:52,Activité,5307911407
19 mai 2021 à 20:09:30,Activité,5322694286
19 mai 2021 à 20:09:33,Activité,5319063831
19 mai 2021 à 20:09:45,Activité,5317843831
20 mai 2021 à 17:41:18,Activité,5329355379
21 mai 2021 à 08:38:57,Activité,5330385444
21 mai 2021 à 15:21:28,Activité,5334111689
21 mai 2021 à 15:21:32,Activité,5333257752
22 mai 2021 à 10:32:15,Activité,5337625235
22 mai 2021 à 18:42:19,Activité,5338711117
23 mai 2021 à 19:07:21,Activité,5343898580
23 mai 2021 à 19:07:33,Activité,5342892158
23 mai 2021 à 19:07:46,Activité,5340627791
24 mai 2021 à 13:08:51,Activité,5349010119
24 mai 2021 à 13:08:58,Activité,5348986678
24 mai 2021 à 13:09:10,Activité,5349483032
24 mai 2021 à 19:49:37,Activité,5351452025
25 mai 2021 à 20:56:33,Activité,5354335469
26 mai 2021 à 05:42:43,Activité,5357851246
26 mai 2021 à 13:48:49,Activité,5360235394
26 mai 2021 à 13:48:52,Activité,5359772467
26 mai 2021 à 13:48:57,Activité,5356252915
26 mai 2021 à 13:49:01,Activité,5355913593
26 mai 2021 à 13:49:03,Activité,5355145237
26 mai 2021 à 21:09:30,Activité,5362649327
26 mai 2021 à 21:09:33,Activité,5362729231
27 mai 2021 à 13:00:01,Activité,5365408337
27 mai 2021 à 13:00:06,Activité,5365412408
28 mai 2021 à 05:18:32,Activité,5367059215
28 mai 2021 à 05:54:43,Activité,5367978031
28 mai 2021 à 20:59:28,Activité,5373262868
29 mai 2021 à 10:45:46,Activité,5375090574
29 mai 2021 à 10:46:15,Activité,5373277156
29 mai 2021 à 14:26:30,Activité,5377100312
30 mai 2021 à 14:18:11,Activité,5382213095
30 mai 2021 à 16:25:32,Activité,5382323907
30 mai 2021 à 16:27:17,Activité,5373155727
1 juin 2021 à 05:10:29,Activité,5390195123
1 juin 2021 à 13:52:27,Publication,16439967
1 juin 2021 à 17:56:59,Activité,5394668870
1 juin 2021 à 17:57:47,Activité,5394665086
1 juin 2021 à 17:57:57,Activité,5395608473
1 juin 2021 à 17:58:19,Activité,5392641786
2 juin 2021 à 05:13:47,Activité,5396378851
2 juin 2021 à 05:13:52,Activité,5396855353
2 juin 2021 à 17:17:02,Activité,5401354628
3 juin 2021 à 15:28:39,Activité,5405867265
4 juin 2021 à 05:49:46,Activité,5408274154
4 juin 2021 à 05:49:52,Activité,5408280110
4 juin 2021 à 05:50:02,Activité,5408268855
4 juin 2021 à 05:50:08,Activité,5406780067
4 juin 2021 à 05:50:20,Activité,5405623835
4 juin 2021 à 05:50:26,Activité,5405991281
4 juin 2021 à 05:50:31,Activité,5402488321
4 juin 2021 à 05:50:37,Activité,5402139142
4 juin 2021 à 05:50:40,Activité,5402445443
4 juin 2021 à 19:17:10,Activité,5412146427
4 juin 2021 à 19:17:16,Activité,5411359695
5 juin 2021 à 12:52:50,Activité,5417198470
5 juin 2021 à 12:53:00,Activité,5416407226
6 juin 2021 à 10:44:28,Activité,5422560800
6 juin 2021 à 10:44:31,Activité,5422068199
6 juin 2021 à 10:44:36,Activité,5422322595
8 juin 2021 à 05:18:08,Activité,5428626632
9 juin 2021 à 17:37:08,Activité,5441843178
11 juin 2021 à 05:08:17,Activité,5444646038
11 juin 2021 à 20:44:40,Activité,5452840675
11 juin 2021 à 20:44:43,Activité,5453512097
11 juin 2021 à 20:45:04,Activité,5451041122
12 juin 2021 à 13:54:14,Activité,5456101132
12 juin 2021 à 13:54:37,Activité,5453510181
12 juin 2021 à 13:54:39,Activité,5446949064
12 juin 2021 à 13:54:50,Activité,5444961268
13 juin 2021 à 12:30:54,Activité,5462528900
13 juin 2021 à 12:31:05,Activité,5459106517
13 juin 2021 à 12:31:06,Activité,5458212555
13 juin 2021 à 12:34:15,Activité,5462795138
14 juin 2021 à 17:29:27,Activité,5468498566
14 juin 2021 à 17:29:33,Activité,5467013913
16 juin 2021 à 05:32:51,Activité,5475058629
18 juin 2021 à 13:32:33,Activité,5489722566
18 juin 2021 à 13:32:41,Activité,5484119052
18 juin 2021 à 13:32:51,Activité,5481494648
18 juin 2021 à 13:32:56,Activité,5481044208
18 juin 2021 à 13:33:14,Activité,5480829250
18 juin 2021 à 13:33:20,Activité,5480866845
18 juin 2021 à 13:33:49,Activité,5481322564
18 juin 2021 à 13:33:52,Activité,5478138099
19 juin 2021 à 19:21:40,Activité,5493482041
20 juin 2021 à 17:16:22,Activité,5499228028
20 juin 2021 à 17:16:25,Activité,5500622547
20 juin 2021 à 17:16:26,Activité,5500622455
20 juin 2021 à 17:16:30,Activité,5500622828
20 juin 2021 à 17:16:40,Activité,5499467503
20 juin 2021 à 17:16:46,Activité,5499418270
20 juin 2021 à 17:16:51,Activité,5500622407
20 juin 2021 à 17:16:53,Activité,5500622427
20 juin 2021 à 17:16:57,Activité,5495440525
20 juin 2021 à 17:16:59,Activité,5494326234
20 juin 2021 à 17:17:01,Activité,5494202231
23 juin 2021 à 06:25:29,Activité,5514717238
23 juin 2021 à 06:25:31,Activité,5512362129
23 juin 2021 à 06:25:36,Activité,5511698013
23 juin 2021 à 06:25:42,Activité,5510416817
23 juin 2021 à 06:25:52,Activité,5506196979
23 juin 2021 à 06:26:46,Activité,5504920741
24 juin 2021 à 11:48:49,Activité,5517618459
24 juin 2021 à 12:02:20,Activité,5517269107
24 juin 2021 à 12:02:27,Activité,5521020761
24 juin 2021 à 21:20:08,Activité,5523541404
26 juin 2021 à 12:48:53,Activité,5530297088
27 juin 2021 à 07:14:50,Activité,5533926012
27 juin 2021 à 07:14:56,Activité,5531973941
27 juin 2021 à 07:15:01,Activité,5530881764
27 juin 2021 à 17:04:57,Activité,5536962072
27 juin 2021 à 17:05:10,Activité,5536192951
27 juin 2021 à 17:05:21,Activité,5536149171
27 juin 2021 à 17:05:27,Activité,5535733068
28 juin 2021 à 13:59:02,Activité,5530934125
30 juin 2021 à 04:53:43,Activité,5546513488
30 juin 2021 à 04:53:45,Activité,5547252551
30 juin 2021 à 04:54:29,Activité,5543668987
30 juin 2021 à 20:47:15,Activité,5553997594
1 juil. 2021 à 20:56:42,Activité,5559607526
1 juil. 2021 à 20:56:44,Activité,5558661962
1 juil. 2021 à 20:57:17,Activité,5558675334
1 juil. 2021 à 20:57:39,Activité,5557147956
2 juil. 2021 à 17:07:08,Activité,5561952851
2 juil. 2021 à 17:07:15,Activité,5561901413
3 juil. 2021 à 06:35:33,Activité,5564643486
3 juil. 2021 à 20:43:40,Activité,5568203493
3 juil. 2021 à 20:43:47,Activité,5567214491
5 juil. 2021 à 14:14:42,Activité,5577980552
6 juil. 2021 à 04:32:58,Activité,5579662246
10 juil. 2021 à 09:12:59,Activité,5603260929
10 juil. 2021 à 09:13:16,Activité,5601233079
10 juil. 2021 à 09:13:21,Activité,5598160882
10 juil. 2021 à 09:13:23,Activité,5595528819
10 juil. 2021 à 09:26:34,Activité,5603435595
11 juil. 2021 à 09:32:30,Activité,5609105651
11 juil. 2021 à 09:32:47,Activité,5606072246
11 juil. 2021 à 09:51:47,Activité,5595260866
11 juil. 2021 à 09:51:49,Activité,5595258564
11 juil. 2021 à 09:52:02,Activité,5587753566
11 juil. 2021 à 09:52:07,Activité,5583407613
11 juil. 2021 à 20:57:42,Activité,5611643668
11 juil. 2021 à 20:57:49,Activité,5609256986
12 juil. 2021 à 11:21:15,Activité,5611247662
14 juil. 2021 à 09:07:49,Activité,5624620012
14 juil. 2021 à 09:07:51,Activité,5624738707
14 juil. 2021 à 09:07:57,Activité,5621507061
14 juil. 2021 à 09:07:59,Activité,5617116958
18 juil. 2021 à 08:34:18,Activité,5641910642
18 juil. 2021 à 08:34:29,Activité,5640570059
18 juil. 2021 à 08:34:31,Activité,5640183015
18 juil. 2021 à 08:34:32,Activité,5636770047
18 juil. 2021 à 08:34:42,Activité,5630811974
18 juil. 2021 à 08:34:47,Activité,5630809428
18 juil. 2021 à 08:34:49,Activité,5630806856
18 juil. 2021 à 08:34:50,Activité,5630221501
18 juil. 2021 à 08:34:51,Activité,5630227723
18 juil. 2021 à 08:34:57,Activité,5630225969
18 juil. 2021 à 08:35:01,Activité,5625768269
18 juil. 2021 à 20:25:10,Activité,5646708278
20 juil. 2021 à 07:31:11,Activité,5651609089
20 juil. 2021 à 07:47:36,Activité,5646314697
20 juil. 2021 à 20:49:42,Activité,5658598838
20 juil. 2021 à 20:49:51,Activité,5653264129
20 juil. 2021 à 20:49:57,Activité,5659650933
20 juil. 2021 à 20:50:11,Activité,5657135281
20 juil. 2021 à 20:50:13,Activité,5657132485
20 juil. 2021 à 20:50:16,Activité,5657044566
21 juil. 2021 à 08:44:37,Activité,5661555113
21 juil. 2021 à 08:44:40,Activité,5661551420
21 juil. 2021 à 08:44:42,Activité,5661549143
22 juil. 2021 à 09:37:20,Activité,5664692944
22 juil. 2021 à 09:37:30,Activité,5663219463
22 juil. 2021 à 09:37:33,Activité,5663436316
23 juil. 2021 à 08:45:53,Activité,5670485728
23 juil. 2021 à 08:45:54,Activité,5670625342
25 juil. 2021 à 05:49:10,Activité,5678472790
25 juil. 2021 à 05:50:17,Activité,5675605569
25 juil. 2021 à 05:50:19,Activité,5675593083
25 juil. 2021 à 12:59:51,Activité,5684437660
25 juil. 2021 à 12:59:54,Activité,5684442387
26 juil. 2021 à 06:21:24,Activité,5687000804
26 juil. 2021 à 06:21:31,Activité,5684952039
27 juil. 2021 à 12:31:24,Activité,5694467959
27 juil. 2021 à 18:27:52,Activité,5696013432
27 juil. 2021 à 18:28:16,Activité,5695363362
29 juil. 2021 à 11:50:44,Activité,5705210552
29 juil. 2021 à 11:50:47,Activité,5705208145
29 juil. 2021 à 11:50:52,Activité,5705205837
29 juil. 2021 à 11:50:57,Activité,5705001587
29 juil. 2021 à 11:51:00,Activité,5702214867
29 juil. 2021 à 11:51:05,Activité,5699550272
29 juil. 2021 à 11:51:18,Activité,5698009971
3 août 2021 à 08:22:14,Activité,5727008753
3 août 2021 à 08:22:25,Activité,5726827474
3 août 2021 à 08:22:36,Activité,5722382908
3 août 2021 à 08:22:49,Activité,5720276291
8 août 2021 à 17:12:17,Activité,5758113186
8 août 2021 à 17:12:43,Activité,5755684711
8 août 2021 à 17:12:46,Activité,5755760623
8 août 2021 à 17:13:00,Activité,5748684432
8 août 2021 à 17:13:07,Activité,5745150109
8 août 2021 à 17:13:13,Activité,5742316293
8 août 2021 à 17:13:15,Activité,5742315277
8 août 2021 à 17:13:17,Activité,5739366371
9 août 2021 à 08:07:22,Activité,5758929213
10 août 2021 à 11:12:47,Activité,5768053999
10 août 2021 à 11:12:58,Activité,5762999542
10 août 2021 à 15:23:18,Activité,5769498766
10 août 2021 à 15:23:30,Activité,5768228513
21 août 2021 à 13:39:42,Activité,5828017277
22 août 2021 à 10:30:47,Activité,5833215955
22 août 2021 à 10:30:49,Activité,5833312188
22 août 2021 à 10:30:54,Activité,5830043800
22 août 2021 à 10:31:03,Activité,5824059009
22 août 2021 à 10:31:06,Activité,5828009369
22 août 2021 à 10:31:11,Activité,5823639078
22 août 2021 à 10:31:13,Activité,5823627525
22 août 2021 à 10:31:14,Activité,5823447846
22 août 2021 à 10:31:16,Activité,5820406579
22 août 2021 à 10:31:18,Activité,5819598341
22 août 2021 à 10:31:34,Activité,5818008252
22 août 2021 à 10:31:37,Activité,5817371532
22 août 2021 à 10:31:49,Activité,5817075135
22 août 2021 à 10:31:55,Activité,5816813035
22 août 2021 à 10:31:56,Activité,5817587581
22 août 2021 à 10:31:58,Activité,5814149501
22 août 2021 à 10:31:59,Activité,5813541251
22 août 2021 à 10:32:01,Activité,5813600891
22 août 2021 à 10:32:02,Activité,5811778968
22 août 2021 à 10:32:04,Activité,5811774353
22 août 2021 à 10:32:06,Activité,5811618805
22 août 2021 à 10:32:11,Activité,5811124302
22 août 2021 à 10:32:14,Activité,5817587001
22 août 2021 à 10:32:21,Activité,5817089954
22 août 2021 à 10:32:26,Activité,5805608523
22 août 2021 à 10:32:27,Activité,5805594171
22 août 2021 à 10:32:29,Activité,5803135237
22 août 2021 à 10:32:31,Activité,5802507762
22 août 2021 à 10:32:36,Activité,5802371312
22 août 2021 à 10:32:45,Activité,5800709874
22 août 2021 à 10:32:49,Activité,5797083192
22 août 2021 à 10:32:54,Activité,5795456224
22 août 2021 à 10:33:06,Activité,5795003013
22 août 2021 à 10:33:15,Activité,5788852732
22 août 2021 à 10:33:17,Activité,5787225070
22 août 2021 à 10:33:23,Activité,5784711182
22 août 2021 à 10:33:27,Activité,5781108009
22 août 2021 à 10:33:31,Activité,5780132881
22 août 2021 à 10:33:39,Activité,5780850114
22 août 2021 à 10:33:44,Activité,5775190013
22 août 2021 à 10:33:58,Activité,5774375829
22 août 2021 à 10:34:06,Activité,5774136526
22 août 2021 à 10:34:08,Activité,5771670316
22 août 2021 à 10:34:10,Activité,5770884439
22 août 2021 à 12:38:33,Activité,5834170464
23 août 2021 à 15:20:19,Activité,5839214038
24 août 2021 à 17:28:09,Activité,5846069446
24 août 2021 à 17:28:23,Activité,5846052175
24 août 2021 à 17:28:31,Activité,5844961393
24 août 2021 à 17:28:38,Activité,5840256782
25 août 2021 à 10:31:32,Activité,5849751219
25 août 2021 à 10:31:38,Activité,5849456448
25 août 2021 à 10:31:47,Activité,5849312194
25 août 2021 à 10:31:53,Activité,5849155370
25 août 2021 à 10:31:57,Activité,5846761784
26 août 2021 à 22:23:14,Activité,5857213340
26 août 2021 à 22:23:21,Activité,5855255203
28 août 2021 à 16:46:50,Activité,5862400339
28 août 2021 à 16:46:56,Activité,5861737560
28 août 2021 à 16:47:01,Activité,5860874594
28 août 2021 à 16:47:05,Activité,5860558501
28 août 2021 à 16:47:13,Activité,5860534819
28 août 2021 à 16:47:18,Activité,5860087253
28 août 2021 à 16:47:41,Activité,5856612883
28 août 2021 à 16:47:46,Activité,5857738658
28 août 2021 à 16:47:55,Activité,5862307631
28 août 2021 à 16:48:05,Activité,5865080785
30 août 2021 à 06:12:17,Activité,5870137577
30 août 2021 à 06:12:31,Activité,5868067444
30 août 2021 à 06:13:11,Activité,5871225820
30 août 2021 à 06:14:02,Activité,5870966338
30 août 2021 à 06:14:11,Activité,5870744126
30 août 2021 à 06:14:22,Activité,5872139267
30 août 2021 à 06:14:31,Activité,5873821842
3 sept. 2021 à 05:37:43,Activité,5893691104
3 sept. 2021 à 05:37:50,Activité,5892607971
3 sept. 2021 à 05:38:06,Activité,5892605287
3 sept. 2021 à 05:38:17,Activité,5888581416
3 sept. 2021 à 05:38:19,Activité,5889624251
3 sept. 2021 à 05:38:23,Activité,5889656542
3 sept. 2021 à 05:38:28,Activité,5889656832
3 sept. 2021 à 05:38:43,Activité,5887861958
3 sept. 2021 à 05:38:51,Activité,5887536323
3 sept. 2021 à 05:38:53,Activité,5883560202
3 sept. 2021 à 05:38:57,Activité,5881541891
3 sept. 2021 à 05:39:02,Activité,5881494546
3 sept. 2021 à 05:39:07,Activité,5881439881
4 sept. 2021 à 10:49:39,Activité,5900090634
4 sept. 2021 à 10:49:46,Activité,5899644742
4 sept. 2021 à 10:49:54,Activité,5897953771
5 sept. 2021 à 10:52:55,Activité,5908888121
5 sept. 2021 à 10:52:57,Activité,5908685733
5 sept. 2021 à 10:53:03,Activité,5908520047
5 sept. 2021 à 10:53:10,Activité,5908519271
5 sept. 2021 à 11:24:16,Activité,5905101385
5 sept. 2021 à 13:45:45,Activité,5909370838
5 sept. 2021 à 13:46:21,Activité,5909721269
5 sept. 2021 à 13:46:24,Activité,5909351816
5 sept. 2021 à 20:54:50,Activité,5911812234
5 sept. 2021 à 20:55:03,Activité,5910811043
6 sept. 2021 à 18:26:37,Activité,5915557647
8 sept. 2021 à 17:19:29,Activité,5923107714
8 sept. 2021 à 17:19:32,Activité,5925534580
8 sept. 2021 à 17:19:38,Activité,5921010808
8 sept. 2021 à 17:19:44,Activité,5920088137
8 sept. 2021 à 17:19:46,Activité,5920425515
8 sept. 2021 à 17:19:51,Activité,5919718915
9 sept. 2021 à 13:57:39,Activité,5931445206
9 sept. 2021 à 15:29:26,Activité,5932431466
9 sept. 2021 à 15:29:29,Activité,5931442607
9 sept. 2021 à 15:29:42,Activité,5928680464
9 sept. 2021 à 17:29:19,Activité,5933014757
11 sept. 2021 à 06:55:32,Activité,5936695548
12 sept. 2021 à 10:49:07,Activité,5947137137
12 sept. 2021 à 10:49:15,Activité,5947107836
12 sept. 2021 à 10:49:21,Activité,5947292377
12 sept. 2021 à 10:49:23,Activité,5947296102
12 sept. 2021 à 12:38:14,Activité,5947685673
12 sept. 2021 à 12:39:22,Activité,5946333871
12 sept. 2021 à 12:39:24,Activité,5944290315
12 sept. 2021 à 12:39:33,Activité,5941781198
12 sept. 2021 à 12:39:41,Activité,5941018778
13 sept. 2021 à 06:58:42,Activité,5949185724
13 sept. 2021 à 06:58:49,Activité,5948564243
13 sept. 2021 à 17:01:31,Activité,5952715991
13 sept. 2021 à 20:13:09,Activité,5954600618
13 sept. 2021 à 20:13:14,Activité,5954558720
14 sept. 2021 à 17:48:36,Activité,5959895952
14 sept. 2021 à 17:48:49,Activité,5958211789
14 sept. 2021 à 17:48:56,Activité,5958036898
14 sept. 2021 à 17:49:00,Activité,5958890848
14 sept. 2021 à 17:49:01,Activité,5958760652
16 sept. 2021 à 08:06:16,Activité,5963746666
16 sept. 2021 à 08:06:19,Activité,5963581247
16 sept. 2021 à 08:06:22,Activité,5960394485
16 sept. 2021 à 18:30:22,Activité,5970447952
16 sept. 2021 à 18:30:29,Activité,5968816055
16 sept. 2021 à 18:30:31,Activité,5968647860
16 sept. 2021 à 18:30:33,Activité,5968647618
16 sept. 2021 à 18:30:40,Activité,5968911779
16 sept. 2021 à 18:30:42,Activité,5969039607
18 sept. 2021 à 05:37:21,Activité,5975938554
18 sept. 2021 à 05:37:23,Activité,5975936543
18 sept. 2021 à 05:37:27,Activité,5974799847
18 sept. 2021 à 05:37:30,Activité,5974878049
18 sept. 2021 à 05:37:32,Activité,5974064227
18 sept. 2021 à 05:37:34,Activité,5973298171
19 sept. 2021 à 10:46:38,Activité,5984432284
19 sept. 2021 à 15:54:52,Activité,5986487589
19 sept. 2021 à 15:55:04,Activité,5986487963
19 sept. 2021 à 15:55:09,Activité,5986483396
19 sept. 2021 à 15:55:18,Activité,5986479855
22 sept. 2021 à 05:50:30,Activité,5990174199
22 sept. 2021 à 05:50:35,Activité,5991949898
22 sept. 2021 à 05:50:40,Activité,5995030505
23 sept. 2021 à 06:11:17,Activité,6000905176
23 sept. 2021 à 06:11:50,Activité,6000637150
23 sept. 2021 à 06:12:03,Activité,6000896339
23 sept. 2021 à 06:12:05,Activité,6000893620
24 sept. 2021 à 05:34:18,Activité,6007136843
24 sept. 2021 à 05:34:22,Activité,6007043178
24 sept. 2021 à 05:34:27,Activité,6002700459
26 sept. 2021 à 12:08:34,Activité,6021742028
26 sept. 2021 à 12:08:39,Activité,6020849355
26 sept. 2021 à 12:08:42,Activité,6020849324
26 sept. 2021 à 12:08:44,Activité,6020849281
27 sept. 2021 à 20:51:29,Publication,18029997
27 sept. 2021 à 20:51:46,Publication,18030554
28 sept. 2021 à 20:54:13,Activité,6034473818
28 sept. 2021 à 20:54:15,Activité,6034477499
28 sept. 2021 à 20:55:03,Activité,6031841208
30 sept. 2021 à 08:31:24,Activité,6038933814
30 sept. 2021 à 08:31:40,Activité,6036729261
30 sept. 2021 à 21:28:32,Activité,6043559598
30 sept. 2021 à 21:28:46,Activité,6042106057
30 sept. 2021 à 21:28:49,Activité,6039528360
2 oct. 2021 à 10:06:30,Activité,6050563898
2 oct. 2021 à 10:06:37,Activité,6046239630
3 oct. 2021 à 11:07:59,Activité,6056828291
3 oct. 2021 à 11:08:10,Activité,6056482513
3 oct. 2021 à 14:31:59,Activité,6057557562
3 oct. 2021 à 14:32:06,Activité,6057375962
5 oct. 2021 à 19:31:35,Activité,6066631750
5 oct. 2021 à 19:33:19,Activité,6063966407
5 oct. 2021 à 19:33:26,Activité,6063970628
5 oct. 2021 à 19:33:29,Activité,6063966957
8 oct. 2021 à 16:33:20,Activité,6077823762
8 oct. 2021 à 16:33:27,Activité,6082147287
8 oct. 2021 à 16:33:28,Activité,6081771497
8 oct. 2021 à 16:33:36,Activité,6074144281
8 oct. 2021 à 16:33:38,Activité,6073327554
8 oct. 2021 à 16:33:39,Activité,6072354906
8 oct. 2021 à 16:33:49,Activité,6063643019
10 oct. 2021 à 11:23:17,Activité,6091703427
10 oct. 2021 à 12:14:47,Activité,6091454899
12 oct. 2021 à 19:58:19,Activité,6096567721
12 oct. 2021 à 20:00:51,Activité,6093914843
14 oct. 2021 à 19:43:27,Activité,6108358334
14 oct. 2021 à 19:43:28,Activité,6106489278
14 oct. 2021 à 19:43:32,Activité,6098550536
16 oct. 2021 à 20:18:14,Activité,6121616599
16 oct. 2021 à 20:18:21,Activité,6121620526
16 oct. 2021 à 20:18:23,Activité,6119200320
16 oct. 2021 à 20:18:29,Activité,6119199372
17 oct. 2021 à 19:12:17,Activité,6124970299
17 oct. 2021 à 19:12:40,Activité,6128028134
17 oct. 2021 à 19:12:43,Activité,6125552617
17 oct. 2021 à 19:12:47,Activité,6125538391
17 oct. 2021 à 19:13:09,Activité,6124643512
18 oct. 2021 à 15:32:30,Activité,6130450512
18 oct. 2021 à 15:32:32,Activité,6130449197
24 oct. 2021 à 06:33:49,Activité,6150263939
24 oct. 2021 à 06:33:56,Activité,6155248660
24 oct. 2021 à 06:34:00,Activité,6150041007
24 oct. 2021 à 06:34:02,Activité,6149823374
24 oct. 2021 à 06:34:04,Activité,6149277575
24 oct. 2021 à 06:34:05,Activité,6149227747
24 oct. 2021 à 06:34:07,Activité,6149199920
24 oct. 2021 à 06:34:09,Activité,6146583517
24 oct. 2021 à 06:34:14,Activité,6140425077
24 oct. 2021 à 06:34:18,Activité,6140492418
24 oct. 2021 à 06:34:23,Activité,6139740980
24 oct. 2021 à 06:34:33,Activité,6136553489
24 oct. 2021 à 06:34:35,Activité,6135574305
24 oct. 2021 à 06:34:45,Activité,6135339767
24 oct. 2021 à 06:35:14,Activité,6135573473
24 oct. 2021 à 06:35:19,Activité,6132648536
24 oct. 2021 à 06:35:23,Activité,6132180318
24 oct. 2021 à 06:35:25,Activité,6132179437
24 oct. 2021 à 06:35:28,Activité,6132177885
26 oct. 2021 à 19:32:50,Activité,6168299279
26 oct. 2021 à 19:32:56,Activité,6165664218
26 oct. 2021 à 19:33:02,Activité,6159098538
29 oct. 2021 à 18:44:26,Activité,6182629900
29 oct. 2021 à 18:45:06,Activité,6177502289
31 oct. 2021 à 08:17:42,Activité,6186124389
31 oct. 2021 à 08:17:44,Activité,6186136494
31 oct. 2021 à 08:17:46,Activité,6186132906
31 oct. 2021 à 08:17:56,Activité,6182461271
31 oct. 2021 à 14:53:02,Activité,6191962972
31 oct. 2021 à 14:53:31,Activité,6192225931
1 nov. 2021 à 20:00:34,Activité,6197317803
2 nov. 2021 à 10:16:30,Activité,6199884403
2 nov. 2021 à 10:16:40,Activité,6197397899
3 nov. 2021 à 19:57:52,Activité,6201601571
3 nov. 2021 à 19:57:55,Activité,6204813591
5 nov. 2021 à 08:07:01,Activité,6211147169
5 nov. 2021 à 11:31:40,Activité,6214032487
5 nov. 2021 à 13:58:54,Activité,6211609173
6 nov. 2021 à 10:27:36,Activité,6215245007
6 nov. 2021 à 10:27:45,Activité,6215062517
6 nov. 2021 à 10:28:41,Activité,6205185191
6 nov. 2021 à 10:28:50,Activité,6206742998
6 nov. 2021 à 10:28:57,Activité,6205945391
7 nov. 2021 à 21:39:27,Activité,6225051381
7 nov. 2021 à 21:39:29,Activité,6222877922
9 nov. 2021 à 19:03:29,Activité,6233354444
9 nov. 2021 à 19:05:20,Activité,6230510420
11 nov. 2021 à 16:39:37,Activité,6243750152
11 nov. 2021 à 16:44:26,Activité,6242745130
12 nov. 2021 à 17:45:39,Activité,6247248542
12 nov. 2021 à 19:08:54,Activité,6248407344
13 nov. 2021 à 19:26:23,Activité,6250004884
14 nov. 2021 à 11:54:31,Activité,6255518395
14 nov. 2021 à 11:54:34,Activité,6255992502
14 nov. 2021 à 11:54:41,Activité,6255242452
14 nov. 2021 à 11:54:45,Activité,6255241449
14 nov. 2021 à 11:54:47,Activité,6252762236
14 nov. 2021 à 11:54:48,Activité,6251071753
14 nov. 2021 à 19:17:55,Activité,6256656938
15 nov. 2021 à 06:58:43,Activité,6255428923
15 nov. 2021 à 17:41:11,Activité,6260620786
15 nov. 2021 à 17:41:13,Activité,6260426058
16 nov. 2021 à 06:38:29,Activité,6262506144
16 nov. 2021 à 19:46:32,Activité,6266269346
16 nov. 2021 à 19:47:09,Activité,6265159020
18 nov. 2021 à 18:04:50,Activité,6275164878
19 nov. 2021 à 06:23:27,Activité,6276063171
19 nov. 2021 à 06:23:50,Activité,6271735585
19 nov. 2021 à 06:23:52,Activité,6271735309
19 nov. 2021 à 06:23:54,Activité,6271734050
19 nov. 2021 à 06:23:55,Activité,6271733450
19 nov. 2021 à 06:23:57,Activité,6270545065
19 nov. 2021 à 06:24:01,Activité,6269575039
19 nov. 2021 à 15:12:38,Activité,6278509864
19 nov. 2021 à 15:12:51,Activité,6277942962
19 nov. 2021 à 18:04:49,Activité,6279586623
21 nov. 2021 à 06:45:45,Activité,6282573311
21 nov. 2021 à 06:46:16,Activité,6280540130
21 nov. 2021 à 06:46:18,Activité,6279992769
21 nov. 2021 à 06:46:20,Activité,6281489120
22 nov. 2021 à 08:56:21,Activité,6288695466
22 nov. 2021 à 08:56:32,Activité,6288389589
22 nov. 2021 à 08:56:43,Activité,6287906897
22 nov. 2021 à 08:56:54,Activité,6286876436
22 nov. 2021 à 08:57:00,Activité,6286921511
22 nov. 2021 à 08:57:03,Activité,6286921637
23 nov. 2021 à 16:49:03,Activité,6296313801
23 nov. 2021 à 16:49:18,Activité,6293555998
25 nov. 2021 à 19:56:29,Activité,6306589645
25 nov. 2021 à 19:56:33,Activité,6305850020
25 nov. 2021 à 19:56:42,Activité,6304970380
25 nov. 2021 à 19:56:46,Activité,6302502458
25 nov. 2021 à 19:56:49,Activité,6301946196
25 nov. 2021 à 19:56:55,Activité,6300926526
25 nov. 2021 à 19:57:01,Activité,6300757743
25 nov. 2021 à 19:57:04,Activité,6298557059
25 nov. 2021 à 19:57:07,Activité,6297804464
26 nov. 2021 à 16:44:21,Activité,6309129312
26 nov. 2021 à 16:44:23,Activité,6308982773
27 nov. 2021 à 17:46:52,Activité,6312023038
27 nov. 2021 à 17:46:59,Activité,6312023028
28 nov. 2021 à 16:04:52,Activité,6317898549
28 nov. 2021 à 16:04:55,Activité,6317356297
28 nov. 2021 à 16:05:19,Activité,6316187783
28 nov. 2021 à 16:05:42,Activité,6316003935
28 nov. 2021 à 16:05:44,Activité,6314082960
28 nov. 2021 à 21:40:52,Activité,6319196306
2 déc. 2021 à 18:40:39,Activité,6334336517
4 déc. 2021 à 11:26:38,Activité,6341050781
4 déc. 2021 à 11:26:44,Activité,6338886615
4 déc. 2021 à 11:27:10,Activité,6337584339
4 déc. 2021 à 11:27:12,Activité,6335620808
4 déc. 2021 à 11:27:14,Activité,6335091071
4 déc. 2021 à 11:28:32,Activité,6331128222
4 déc. 2021 à 11:28:33,Activité,6330997580
4 déc. 2021 à 11:28:34,Activité,6330762494
4 déc. 2021 à 11:28:37,Activité,6329683908
4 déc. 2021 à 11:28:38,Activité,6326921864
4 déc. 2021 à 11:28:40,Activité,6322091401
4 déc. 2021 à 11:28:41,Activité,6322090669
5 déc. 2021 à 21:21:18,Activité,6347287333
5 déc. 2021 à 21:23:07,Activité,6344039655
5 déc. 2021 à 21:23:11,Activité,6345849329
9 déc. 2021 à 17:13:03,Activité,6362399280
9 déc. 2021 à 17:13:35,Activité,6359964490
10 déc. 2021 à 10:35:55,Activité,6362639306
10 déc. 2021 à 21:14:19,Activité,6367190381
10 déc. 2021 à 21:14:25,Activité,6366327153
12 déc. 2021 à 13:02:31,Activité,6374624922
12 déc. 2021 à 13:02:50,Activité,6373459161
12 déc. 2021 à 13:02:55,Activité,6371607274
12 déc. 2021 à 13:02:57,Activité,6371249853
14 déc. 2021 à 07:56:07,Activité,6380350154
14 déc. 2021 à 14:44:02,Activité,6382411778
14 déc. 2021 à 14:44:21,Activité,6382480838
14 déc. 2021 à 14:44:25,Activité,6379843826
15 déc. 2021 à 07:33:08,Activité,6384130671
15 déc. 2021 à 07:33:49,Activité,6382885959
