Adresse IP,Source de connexion,Date et heure de connexion
176.182.32.91,Web,8 mars 2015 à 20:49:30
90.49.106.236,Web,31 déc. 2015 à 21:29:48
176.182.32.91,Web,22 mars 2015 à 10:38:08
176.183.29.73,Web,3 juin 2018 à 05:57:32
128.79.145.119,Web,9 janv. 2015 à 20:21:42
176.182.32.21,Web,11 déc. 2016 à 18:07:04
89.93.63.214,Web,9 juil. 2016 à 07:11:07
176.183.29.73,Web,10 nov. 2018 à 11:57:17
90.49.106.236,Web,31 déc. 2015 à 16:55:22
88.142.201.156,Web,5 mai 2016 à 11:47:37
89.92.213.239,Web,30 mars 2019 à 10:48:34
31.39.78.36,Web,22 déc. 2014 à 20:50:43
89.93.63.165,Web,23 août 2015 à 13:51:07
159.50.16.171,Web,15 mars 2019 à 08:53:08
176.182.32.91,Web,19 avr. 2015 à 19:21:42
176.182.32.91,Web,12 mai 2015 à 19:51:54
80.215.92.15,Web,13 oct. 2018 à 08:59:15
159.50.16.163,Web,31 janv. 2019 à 20:03:54
176.183.29.73,Web,22 janv. 2019 à 18:01:25
176.182.32.91,Web,7 juin 2015 à 13:08:48
89.92.213.239,Web,12 mai 2019 à 06:16:45
176.182.151.42,Web,10 janv. 2017 à 19:29:17
89.93.63.214,Web,30 juin 2016 à 05:30:54
176.183.29.73,Web,27 janv. 2018 à 17:53:16
159.50.252.75,Web,28 avr. 2018 à 05:34:36
159.50.252.38,Web,11 juin 2018 à 14:05:42
176.182.32.91,Web,19 juil. 2015 à 13:52:44
89.92.213.239,Web,17 avr. 2019 à 19:44:56
89.92.213.239,Web,8 mai 2019 à 12:44:54
89.93.63.214,Web,19 nov. 2016 à 10:04:58
176.183.29.73,Web,29 oct. 2017 à 17:30:56
159.50.252.71,Web,29 mars 2018 à 19:59:20
176.183.29.73,Web,10 déc. 2017 à 08:20:04
89.93.63.214,Web,13 déc. 2015 à 17:48:09
159.50.252.32,Web,5 janv. 2018 à 13:34:19
84.102.49.191,Web,3 janv. 2019 à 08:46:21
80.215.241.24,Web,5 mai 2016 à 12:30:17
80.215.206.37,Web,11 août 2015 à 12:04:20
159.50.16.164,Web,24 mars 2019 à 18:03:56
80.215.171.215,Web,26 août 2015 à 15:26:47
84.102.49.191,Web,4 janv. 2019 à 15:19:34
89.93.63.214,Web,18 nov. 2016 à 19:57:11
89.92.213.239,Web,8 mai 2019 à 12:44:50
159.50.252.30,Web,4 juin 2018 à 07:08:41
176.183.29.73,Web,1 nov. 2017 à 20:15:53
89.93.63.214,Web,18 nov. 2016 à 20:02:39
176.183.29.73,Web,19 janv. 2019 à 20:41:38
90.12.242.243,Web,15 août 2015 à 12:06:58
176.183.29.73,Web,20 janv. 2019 à 12:56:44
80.215.169.25,Web,27 sept. 2017 à 19:25:01
31.39.78.36,Web,22 déc. 2014 à 06:02:48
176.183.29.73,Web,14 oct. 2017 à 11:14:57
159.50.252.81,Web,16 mai 2018 à 21:12:56
89.93.63.165,Web,13 sept. 2015 à 15:50:20
176.183.29.73,Web,1 déc. 2018 à 15:17:48
159.50.252.42,Web,24 août 2018 à 13:10:24
159.50.252.80,Web,22 mai 2019 à 14:08:45
89.93.63.214,Web,31 janv. 2016 à 10:49:47
80.215.242.109,Web,21 nov. 2016 à 11:43:59
128.79.145.119,Web,20 févr. 2015 à 06:21:24
89.93.63.214,Web,3 avr. 2016 à 17:07:42
159.50.252.71,Web,4 janv. 2018 à 20:24:54
90.59.102.2,Web,24 févr. 2015 à 10:47:25
80.215.229.189,Web,17 août 2015 à 08:58:33
89.92.213.239,Web,30 mars 2019 à 10:28:32
80.215.192.93,Web,21 déc. 2014 à 12:07:28
89.93.63.214,Web,6 juil. 2016 à 18:47:58
89.92.213.239,Web,26 avr. 2019 à 07:10:06
89.92.213.239,Web,28 avr. 2019 à 16:08:55
84.102.49.191,Web,3 janv. 2019 à 17:04:39
89.92.213.239,Web,17 avr. 2019 à 19:45:01
159.50.252.32,Web,23 juil. 2018 à 10:32:20
90.25.50.67,Web,12 août 2015 à 19:18:13
88.142.201.156,Web,19 déc. 2015 à 12:59:39
89.93.63.214,Web,20 mars 2016 à 12:07:40
89.93.63.214,Web,18 nov. 2016 à 20:03:16
88.142.201.156,Web,5 mai 2016 à 11:47:19
89.93.63.165,Web,16 sept. 2015 à 19:15:07
159.50.252.82,Web,13 mai 2019 à 12:10:44
176.182.32.91,Web,26 mai 2015 à 19:07:29
80.215.93.34,Web,3 févr. 2019 à 09:09:53
176.183.29.73,Web,6 janv. 2019 à 21:03:45
89.93.63.214,Web,30 juin 2016 à 05:36:11
159.50.16.160,Web,21 janv. 2019 à 19:20:04
176.183.29.73,Web,18 mars 2019 à 11:47:10
176.183.29.73,Web,28 janv. 2018 à 15:12:43
90.49.106.236,Web,31 déc. 2015 à 21:31:42
159.50.252.41,Web,17 juin 2018 à 10:14:12
176.182.32.91,Web,26 avr. 2015 à 20:09:17
159.50.252.73,Web,10 oct. 2018 à 12:15:12
90.49.138.124,Web,26 févr. 2015 à 14:06:00
31.39.78.36,Web,25 mars 2014 à 20:21:52
159.50.252.75,Web,13 mai 2018 à 06:53:06
159.50.252.82,Web,13 mai 2019 à 12:10:48
89.92.213.239,Web,27 avr. 2019 à 09:41:13
80.215.169.25,Web,27 sept. 2017 à 19:26:02
84.102.49.191,Web,2 janv. 2019 à 08:58:26
89.93.63.165,Web,31 août 2015 à 19:05:26
159.50.252.80,Web,22 mai 2019 à 14:08:50
90.49.138.124,Web,1 mars 2015 à 20:36:59
90.54.189.9,Web,31 déc. 2016 à 19:53:01
89.92.213.239,Web,27 avr. 2019 à 17:58:57
89.93.63.214,Web,8 nov. 2015 à 19:37:11
89.93.63.214,Web,7 janv. 2016 à 20:34:59
80.215.135.148,Web,10 août 2015 à 06:10:09
176.183.29.73,Web,8 janv. 2019 à 20:52:04
88.142.201.156,Web,5 mai 2016 à 11:46:14
89.92.213.239,Web,26 avr. 2019 à 07:10:04
176.182.32.91,Web,12 juil. 2015 à 10:53:16
89.92.213.239,Web,27 avr. 2019 à 09:41:10
90.49.134.177,Web,29 oct. 2016 à 12:46:32
89.92.213.239,Web,1 juin 2019 à 18:24:15
159.50.252.73,Web,30 déc. 2017 à 10:50:07
176.183.29.73,Web,6 janv. 2019 à 21:49:51
159.50.252.42,Web,27 août 2018 à 11:40:22
90.59.189.80,Web,8 mai 2015 à 14:30:10
89.92.213.239,Web,11 mai 2019 à 06:24:09
2.0.214.175,Web,24 déc. 2017 à 17:38:06
128.79.145.119,Web,11 janv. 2015 à 10:01:21
176.183.29.73,Web,9 janv. 2019 à 06:35:08
89.93.63.165,Web,12 sept. 2015 à 16:18:59
80.215.135.148,Web,10 août 2015 à 06:11:30
80.215.75.221,Web,19 janv. 2019 à 10:01:20
176.183.29.73,Web,16 févr. 2019 à 16:48:08
89.92.213.239,Web,30 mars 2019 à 10:48:41
90.49.5.235,Web,2 mai 2015 à 11:58:01
31.39.78.36,Web,14 déc. 2014 à 19:37:14
159.50.16.164,Web,24 mars 2019 à 18:03:52
159.50.252.76,Web,13 juin 2018 à 12:09:35
89.92.213.239,Web,27 avr. 2019 à 17:59:00
176.183.29.73,Web,10 févr. 2019 à 13:41:20
90.12.242.243,Web,16 août 2015 à 19:31:41
176.182.151.42,Web,7 janv. 2017 à 12:33:22
89.93.63.214,Web,5 déc. 2015 à 10:24:09
89.93.63.214,Web,18 nov. 2016 à 19:56:32
89.92.213.239,Web,31 mai 2019 à 16:11:42
89.93.63.214,Web,13 mars 2016 à 13:13:48
86.71.95.189,Web,30 oct. 2018 à 13:30:18
89.92.213.239,Web,26 avr. 2019 à 16:19:18
176.183.29.73,Web,18 mars 2019 à 11:47:14
159.50.252.38,Web,26 févr. 2018 à 21:00:58
159.50.16.173,Web,10 janv. 2019 à 20:22:50
89.92.213.239,Web,26 avr. 2019 à 16:19:11
89.92.213.239,Web,12 mai 2019 à 06:30:19
159.50.252.79,Web,28 mai 2018 à 10:44:04
89.93.63.214,Web,18 oct. 2015 à 10:59:29
84.102.49.191,Web,2 janv. 2019 à 17:24:09
176.183.29.73,Web,19 mai 2018 à 14:13:58
90.25.70.60,Web,26 déc. 2017 à 17:36:20
89.92.213.239,Web,22 mai 2019 à 18:38:11
89.93.63.165,Web,29 sept. 2015 à 18:56:42
176.183.29.73,Web,3 déc. 2017 à 16:04:10
176.183.29.73,Web,8 janv. 2019 à 21:16:23
89.93.63.165,Web,26 juil. 2015 à 16:25:36
159.50.252.73,Web,4 juin 2018 à 11:20:37
89.93.63.214,Web,11 oct. 2015 à 13:18:41
89.92.213.239,Web,9 mai 2019 à 19:25:04
176.183.29.73,Web,19 janv. 2019 à 08:12:30
89.92.213.239,Web,9 mai 2019 à 19:11:56
80.215.169.25,Web,27 sept. 2017 à 19:26:05
90.49.106.236,Web,31 déc. 2015 à 21:28:38
176.183.29.73,Web,20 mai 2017 à 06:08:47
90.49.138.124,Web,26 févr. 2015 à 14:05:18
89.93.63.165,Web,25 déc. 2014 à 20:36:29
176.183.29.73,Web,10 janv. 2019 à 06:20:52
89.92.213.239,Web,30 mars 2019 à 10:28:37
128.79.145.119,Web,23 janv. 2015 à 19:36:22
89.92.213.239,Web,11 mai 2019 à 06:24:06
176.183.29.73,Web,24 sept. 2017 à 17:45:06
89.92.213.239,Web,18 mai 2019 à 08:34:01
159.50.16.160,Web,14 févr. 2019 à 20:14:12
89.93.63.214,Web,30 juin 2016 à 05:35:41
89.92.213.239,Web,22 mai 2019 à 18:38:15
213.137.172.145,Web,5 janv. 2017 à 07:20:29
176.182.32.91,Web,12 juil. 2015 à 11:18:30
176.183.29.73,Web,19 oct. 2017 à 14:17:21
90.49.3.123,Web,14 août 2015 à 13:06:22
89.93.63.214,Web,29 avr. 2016 à 20:05:01
176.182.151.42,Web,7 janv. 2017 à 13:02:40
176.183.29.73,Web,6 janv. 2019 à 20:34:49
176.183.29.73,Web,4 oct. 2018 à 20:02:46
80.215.230.54,Web,8 mai 2015 à 13:56:17
89.92.213.239,Web,28 avr. 2019 à 16:08:52
89.92.213.239,Web,14 mai 2019 à 19:57:08
176.182.32.91,Web,14 juin 2015 à 20:12:46
176.183.29.73,Web,30 sept. 2017 à 17:25:30
159.50.252.76,Web,10 sept. 2018 à 14:02:59
176.182.32.91,Web,28 juin 2015 à 11:20:54
159.50.252.30,Web,19 juin 2019 à 15:23:59
89.92.213.239,Web,14 juil. 2019 à 20:00:16
89.92.213.239,Web,14 juil. 2019 à 21:11:43
89.92.213.239,Web,19 juil. 2019 à 20:51:23
109.18.11.248,Web,2 août 2019 à 16:32:33
109.18.11.248,Web,4 août 2019 à 09:19:58
109.18.11.248,Web,10 août 2019 à 12:47:39
109.18.11.248,Web,10 août 2019 à 19:14:04
159.50.16.157,Web,22 août 2019 à 12:47:09
89.92.213.239,Web,24 août 2019 à 18:34:29
89.92.213.239,Web,30 août 2019 à 19:07:46
89.92.213.239,Web,25 oct. 2019 à 05:08:26
89.92.213.239,Web,16 nov. 2019 à 19:56:22
89.92.213.239,Mobile,17 nov. 2019 à 18:53:51
78.122.4.191,Web,23 nov. 2019 à 18:06:16
89.92.213.239,Web,20 déc. 2019 à 21:02:01
159.50.16.165,Web,26 déc. 2019 à 13:13:20
89.92.213.239,Web,28 déc. 2019 à 09:52:31
89.92.213.239,Web,5 janv. 2020 à 21:10:30
89.92.213.239,Web,18 janv. 2020 à 20:15:19
89.92.213.239,Web,29 janv. 2020 à 08:58:11
109.18.11.248,Web,16 févr. 2020 à 15:11:05
88.142.198.125,Web,8 mars 2020 à 15:18:22
159.50.16.163,Web,18 mai 2020 à 07:04:10
109.18.11.248,Web,18 mai 2020 à 13:47:50
87.88.181.47,Web,18 mai 2020 à 18:25:25
159.50.16.164,Web,19 mai 2020 à 12:47:07
159.50.16.174,Web,22 mai 2020 à 13:34:44
109.18.11.248,Web,30 mai 2020 à 16:15:07
159.50.16.166,Web,4 juin 2020 à 11:10:47
159.50.16.176,Web,5 juin 2020 à 07:25:45
109.18.11.248,Web,7 juin 2020 à 07:02:14
89.93.63.194,Web,17 juin 2020 à 16:06:00
159.50.16.175,Web,5 juil. 2020 à 19:37:03
159.50.16.157,Web,6 juil. 2020 à 11:49:56
159.50.16.175,Web,7 juil. 2020 à 18:55:25
159.50.16.164,Web,8 juil. 2020 à 10:10:24
159.50.16.162,Web,8 juil. 2020 à 16:33:53
159.50.16.163,Web,10 juil. 2020 à 13:42:02
159.50.16.167,Web,13 juil. 2020 à 08:16:15
109.18.11.248,Web,13 juil. 2020 à 20:27:42
80.214.75.57,Web,14 juil. 2020 à 08:18:44
109.18.11.248,Web,15 juil. 2020 à 19:52:05
109.18.11.248,Web,16 juil. 2020 à 20:00:21
109.18.11.248,Web,18 juil. 2020 à 19:38:59
159.50.16.161,Web,21 juil. 2020 à 08:59:40
80.215.44.145,Web,25 juil. 2020 à 18:52:12
109.18.11.248,Web,26 juil. 2020 à 15:24:46
159.50.16.155,Web,29 juil. 2020 à 09:50:30
159.50.16.175,Web,30 juil. 2020 à 12:56:00
159.50.16.155,Web,31 juil. 2020 à 11:55:15
109.18.11.248,Web,1 août 2020 à 09:45:43
109.18.11.248,Web,1 août 2020 à 15:02:27
159.50.16.175,Web,4 août 2020 à 07:04:17
78.238.168.140,Web,6 août 2020 à 15:43:49
78.238.168.140,Web,8 août 2020 à 17:55:30
109.18.11.248,Web,11 août 2020 à 14:13:51
109.18.11.248,Web,15 août 2020 à 19:05:58
159.50.16.156,Web,17 août 2020 à 12:02:32
80.214.30.45,Web,22 août 2020 à 19:56:19
159.50.16.165,Web,11 sept. 2020 à 14:51:26
159.50.16.166,Web,16 sept. 2020 à 08:44:04
159.50.16.155,Web,17 sept. 2020 à 12:20:24
89.93.63.194,Web,19 sept. 2020 à 06:47:02
89.93.63.194,Web,20 sept. 2020 à 17:03:38
89.93.63.194,Web,26 sept. 2020 à 17:15:08
159.50.16.164,Web,5 oct. 2020 à 21:04:53
159.50.252.93,Web,9 oct. 2020 à 11:00:35
159.50.252.91,Web,12 oct. 2020 à 07:58:26
159.50.252.93,Web,22 oct. 2020 à 10:28:19
159.50.252.30,Web,23 oct. 2020 à 07:18:40
109.18.11.248,Web,25 oct. 2020 à 10:03:12
109.18.11.248,Web,26 oct. 2020 à 17:35:34
87.88.163.122,Web,29 oct. 2020 à 12:33:47
159.50.252.91,Web,21 déc. 2020 à 20:19:43
89.93.63.194,Web,23 déc. 2020 à 18:19:36
88.142.198.125,Web,24 déc. 2020 à 17:59:28
89.93.63.194,Mobile,26 déc. 2020 à 20:52:12
159.50.252.92,Web,31 déc. 2020 à 13:09:33
89.93.63.194,Web,2 janv. 2021 à 20:11:22
159.50.252.19,Web,14 janv. 2021 à 17:33:43
159.50.252.38,Web,15 janv. 2021 à 13:50:40
89.93.63.194,Web,21 janv. 2021 à 09:31:33
159.50.252.91,Web,22 janv. 2021 à 13:22:41
159.50.252.37,Web,23 janv. 2021 à 18:20:25
159.50.252.91,Web,26 janv. 2021 à 12:42:55
159.50.252.74,Web,1 févr. 2021 à 13:13:21
159.50.252.75,Web,2 mars 2021 à 16:02:51
89.93.63.194,Web,12 mars 2021 à 17:30:12
89.93.63.194,Web,13 mars 2021 à 17:28:03
159.50.16.146,Web,15 mars 2021 à 07:51:03
89.93.63.194,Web,5 avr. 2021 à 14:07:15
109.18.11.248,Web,10 avr. 2021 à 17:17:34
109.18.11.248,Web,17 avr. 2021 à 19:18:15
159.50.16.163,Web,18 avr. 2021 à 18:54:16
109.11.33.0,Web,28 avr. 2021 à 19:33:19
159.50.16.156,Web,5 mai 2021 à 11:47:50
109.11.33.0,Web,21 mai 2021 à 08:37:43
109.11.33.0,Web,29 mai 2021 à 14:25:50
159.50.16.177,Web,3 juin 2021 à 09:44:31
109.11.33.0,Web,12 juin 2021 à 13:53:56
109.11.33.0,Web,15 juin 2021 à 19:21:03
159.50.16.178,Web,28 juin 2021 à 12:33:04
159.50.16.155,Web,25 août 2021 à 08:22:15
109.11.33.0,Web,25 août 2021 à 18:53:43
109.11.33.0,Web,4 sept. 2021 à 10:49:06
159.50.16.155,Web,16 sept. 2021 à 18:28:03
109.11.33.0,Web,18 sept. 2021 à 16:26:26
109.11.33.0,Web,18 sept. 2021 à 16:40:49
109.11.33.0,Web,20 sept. 2021 à 09:04:08
109.11.33.0,Web,3 oct. 2021 à 11:01:43
159.50.16.161,Web,16 oct. 2021 à 20:18:01
159.50.16.161,Web,18 oct. 2021 à 10:03:01
90.27.19.224,Web,2 nov. 2021 à 10:15:43
80.214.117.12,Web,5 nov. 2021 à 08:06:09
159.50.16.146,Web,8 nov. 2021 à 08:49:51
159.50.16.146,Web,8 nov. 2021 à 13:24:11
159.50.16.165,Web,10 nov. 2021 à 17:04:49
159.50.16.145,Web,11 nov. 2021 à 10:52:41
159.50.16.179,Web,15 nov. 2021 à 08:10:32
159.50.16.179,Web,15 nov. 2021 à 15:36:49
159.50.16.177,Web,16 nov. 2021 à 10:37:45
159.50.16.178,Web,22 nov. 2021 à 08:56:09
159.50.16.179,Web,6 déc. 2021 à 14:43:30
159.50.16.157,Web,6 déc. 2021 à 18:07:37
159.50.16.178,Web,9 déc. 2021 à 17:12:50
159.50.16.179,Web,12 déc. 2021 à 13:01:42
159.50.16.164,Web,12 déc. 2021 à 19:53:32
159.50.16.164,Web,13 déc. 2021 à 13:27:23
159.50.16.164,Web,13 déc. 2021 à 13:33:13
159.50.16.164,Web,13 déc. 2021 à 13:37:36
159.50.16.150,Web,13 déc. 2021 à 14:20:56
159.50.16.150,Web,13 déc. 2021 à 14:27:49
159.50.16.166,Web,16 déc. 2021 à 11:43:40
